[Tue, 23 Sep 2025 00:49:13 +0000] wpr: __construct
array (
  'prefix' => 'wpr',
  'licensing_servers' => 
  array (
    0 => 'https://dashboard.wpreset.com/api/',
  ),
  'version' => '2.05',
  'plugin_file' => 'C:\\xampp\\htdocs\\iftheshoefitz\\wp-content\\plugins\\wp-reset\\wp-reset.php',
  'plugin_page' => 'tools_page_wp-reset',
  'skip_hooks' => false,
  'debug' => true,
  'js_folder' => 'http://localhost/iftheshoefitz/wp-content/plugins/wp-reset//js/',
)
array (
  'prefix' => 'wpr',
  'licensing_servers' => 
  array (
    0 => 'https://dashboard.wpreset.com/api/',
  ),
  'version' => '2.05',
  'slug' => 'wp-reset',
  'basename' => 'wp-reset/wp-reset.php',
  'plugin_page' => 'tools_page_wp-reset',
  'plugin_file' => 'C:\\xampp\\htdocs\\iftheshoefitz\\wp-content\\plugins\\wp-reset\\wp-reset.php',
  'js_folder' => 'http://localhost/iftheshoefitz/wp-content/plugins/wp-reset//js/',
  'api_ver' => 'v1/',
  'valid_forever' => '2035-01-01',
  'unlimited_installs' => 99999,
  'debug' => true,
  'filesystem_initialized' => false,
)

[Tue, 23 Sep 2025 00:49:13 +0000] wpr: __construct
array (
  'prefix' => 'wpr',
  'licensing_servers' => 
  array (
    0 => 'https://dashboard.wpreset.com/api/',
  ),
  'version' => '2.05',
  'plugin_file' => 'C:\\xampp\\htdocs\\iftheshoefitz\\wp-content\\plugins\\wp-reset\\wp-reset.php',
  'plugin_page' => 'tools_page_wp-reset',
  'skip_hooks' => false,
  'debug' => true,
  'js_folder' => 'http://localhost/iftheshoefitz/wp-content/plugins/wp-reset//js/',
)
array (
  'prefix' => 'wpr',
  'licensing_servers' => 
  array (
    0 => 'https://dashboard.wpreset.com/api/',
  ),
  'version' => '2.05',
  'slug' => 'wp-reset',
  'basename' => 'wp-reset/wp-reset.php',
  'plugin_page' => 'tools_page_wp-reset',
  'plugin_file' => 'C:\\xampp\\htdocs\\iftheshoefitz\\wp-content\\plugins\\wp-reset\\wp-reset.php',
  'js_folder' => 'http://localhost/iftheshoefitz/wp-content/plugins/wp-reset//js/',
  'api_ver' => 'v1/',
  'valid_forever' => '2035-01-01',
  'unlimited_installs' => 99999,
  'debug' => true,
  'filesystem_initialized' => false,
)

[Tue, 23 Sep 2025 00:49:16 +0000] wpr: __construct
array (
  'prefix' => 'wpr',
  'licensing_servers' => 
  array (
    0 => 'https://dashboard.wpreset.com/api/',
  ),
  'version' => '2.05',
  'plugin_file' => 'C:\\xampp\\htdocs\\iftheshoefitz\\wp-content\\plugins\\wp-reset\\wp-reset.php',
  'plugin_page' => 'tools_page_wp-reset',
  'skip_hooks' => false,
  'debug' => true,
  'js_folder' => 'http://localhost/iftheshoefitz/wp-content/plugins/wp-reset//js/',
)
array (
  'prefix' => 'wpr',
  'licensing_servers' => 
  array (
    0 => 'https://dashboard.wpreset.com/api/',
  ),
  'version' => '2.05',
  'slug' => 'wp-reset',
  'basename' => 'wp-reset/wp-reset.php',
  'plugin_page' => 'tools_page_wp-reset',
  'plugin_file' => 'C:\\xampp\\htdocs\\iftheshoefitz\\wp-content\\plugins\\wp-reset\\wp-reset.php',
  'js_folder' => 'http://localhost/iftheshoefitz/wp-content/plugins/wp-reset//js/',
  'api_ver' => 'v1/',
  'valid_forever' => '2035-01-01',
  'unlimited_installs' => 99999,
  'debug' => true,
  'filesystem_initialized' => false,
)

[Tue, 23 Sep 2025 00:49:17 +0000] wpr: __construct
array (
  'prefix' => 'wpr',
  'licensing_servers' => 
  array (
    0 => 'https://dashboard.wpreset.com/api/',
  ),
  'version' => '2.05',
  'plugin_file' => 'C:\\xampp\\htdocs\\iftheshoefitz\\wp-content\\plugins\\wp-reset\\wp-reset.php',
  'plugin_page' => 'tools_page_wp-reset',
  'skip_hooks' => false,
  'debug' => true,
  'js_folder' => 'http://localhost/iftheshoefitz/wp-content/plugins/wp-reset//js/',
)
array (
  'prefix' => 'wpr',
  'licensing_servers' => 
  array (
    0 => 'https://dashboard.wpreset.com/api/',
  ),
  'version' => '2.05',
  'slug' => 'wp-reset',
  'basename' => 'wp-reset/wp-reset.php',
  'plugin_page' => 'tools_page_wp-reset',
  'plugin_file' => 'C:\\xampp\\htdocs\\iftheshoefitz\\wp-content\\plugins\\wp-reset\\wp-reset.php',
  'js_folder' => 'http://localhost/iftheshoefitz/wp-content/plugins/wp-reset//js/',
  'api_ver' => 'v1/',
  'valid_forever' => '2035-01-01',
  'unlimited_installs' => 99999,
  'debug' => true,
  'filesystem_initialized' => false,
)

[Tue, 23 Sep 2025 00:49:20 +0000] wpr: __construct
array (
  'prefix' => 'wpr',
  'licensing_servers' => 
  array (
    0 => 'https://dashboard.wpreset.com/api/',
  ),
  'version' => '2.05',
  'plugin_file' => 'C:\\xampp\\htdocs\\iftheshoefitz\\wp-content\\plugins\\wp-reset\\wp-reset.php',
  'plugin_page' => 'tools_page_wp-reset',
  'skip_hooks' => false,
  'debug' => true,
  'js_folder' => 'http://localhost/iftheshoefitz/wp-content/plugins/wp-reset//js/',
)
array (
  'prefix' => 'wpr',
  'licensing_servers' => 
  array (
    0 => 'https://dashboard.wpreset.com/api/',
  ),
  'version' => '2.05',
  'slug' => 'wp-reset',
  'basename' => 'wp-reset/wp-reset.php',
  'plugin_page' => 'tools_page_wp-reset',
  'plugin_file' => 'C:\\xampp\\htdocs\\iftheshoefitz\\wp-content\\plugins\\wp-reset\\wp-reset.php',
  'js_folder' => 'http://localhost/iftheshoefitz/wp-content/plugins/wp-reset//js/',
  'api_ver' => 'v1/',
  'valid_forever' => '2035-01-01',
  'unlimited_installs' => 99999,
  'debug' => true,
  'filesystem_initialized' => false,
)

[Tue, 23 Sep 2025 00:49:21 +0000] wpr: __construct
array (
  'prefix' => 'wpr',
  'licensing_servers' => 
  array (
    0 => 'https://dashboard.wpreset.com/api/',
  ),
  'version' => '2.05',
  'plugin_file' => 'C:\\xampp\\htdocs\\iftheshoefitz\\wp-content\\plugins\\wp-reset\\wp-reset.php',
  'plugin_page' => 'tools_page_wp-reset',
  'skip_hooks' => false,
  'debug' => true,
  'js_folder' => 'http://localhost/iftheshoefitz/wp-content/plugins/wp-reset//js/',
)
array (
  'prefix' => 'wpr',
  'licensing_servers' => 
  array (
    0 => 'https://dashboard.wpreset.com/api/',
  ),
  'version' => '2.05',
  'slug' => 'wp-reset',
  'basename' => 'wp-reset/wp-reset.php',
  'plugin_page' => 'tools_page_wp-reset',
  'plugin_file' => 'C:\\xampp\\htdocs\\iftheshoefitz\\wp-content\\plugins\\wp-reset\\wp-reset.php',
  'js_folder' => 'http://localhost/iftheshoefitz/wp-content/plugins/wp-reset//js/',
  'api_ver' => 'v1/',
  'valid_forever' => '2035-01-01',
  'unlimited_installs' => 99999,
  'debug' => true,
  'filesystem_initialized' => false,
)

[Tue, 23 Sep 2025 00:49:25 +0000] wpr: __construct
array (
  'prefix' => 'wpr',
  'licensing_servers' => 
  array (
    0 => 'https://dashboard.wpreset.com/api/',
  ),
  'version' => '2.05',
  'plugin_file' => 'C:\\xampp\\htdocs\\iftheshoefitz\\wp-content\\plugins\\wp-reset\\wp-reset.php',
  'plugin_page' => 'tools_page_wp-reset',
  'skip_hooks' => false,
  'debug' => true,
  'js_folder' => 'http://localhost/iftheshoefitz/wp-content/plugins/wp-reset//js/',
)
array (
  'prefix' => 'wpr',
  'licensing_servers' => 
  array (
    0 => 'https://dashboard.wpreset.com/api/',
  ),
  'version' => '2.05',
  'slug' => 'wp-reset',
  'basename' => 'wp-reset/wp-reset.php',
  'plugin_page' => 'tools_page_wp-reset',
  'plugin_file' => 'C:\\xampp\\htdocs\\iftheshoefitz\\wp-content\\plugins\\wp-reset\\wp-reset.php',
  'js_folder' => 'http://localhost/iftheshoefitz/wp-content/plugins/wp-reset//js/',
  'api_ver' => 'v1/',
  'valid_forever' => '2035-01-01',
  'unlimited_installs' => 99999,
  'debug' => true,
  'filesystem_initialized' => false,
)

[Tue, 23 Sep 2025 00:49:25 +0000] wpr: __construct
array (
  'prefix' => 'wpr',
  'licensing_servers' => 
  array (
    0 => 'https://dashboard.wpreset.com/api/',
  ),
  'version' => '2.05',
  'plugin_file' => 'C:\\xampp\\htdocs\\iftheshoefitz\\wp-content\\plugins\\wp-reset\\wp-reset.php',
  'plugin_page' => 'tools_page_wp-reset',
  'skip_hooks' => false,
  'debug' => true,
  'js_folder' => 'http://localhost/iftheshoefitz/wp-content/plugins/wp-reset//js/',
)
array (
  'prefix' => 'wpr',
  'licensing_servers' => 
  array (
    0 => 'https://dashboard.wpreset.com/api/',
  ),
  'version' => '2.05',
  'slug' => 'wp-reset',
  'basename' => 'wp-reset/wp-reset.php',
  'plugin_page' => 'tools_page_wp-reset',
  'plugin_file' => 'C:\\xampp\\htdocs\\iftheshoefitz\\wp-content\\plugins\\wp-reset\\wp-reset.php',
  'js_folder' => 'http://localhost/iftheshoefitz/wp-content/plugins/wp-reset//js/',
  'api_ver' => 'v1/',
  'valid_forever' => '2035-01-01',
  'unlimited_installs' => 99999,
  'debug' => true,
  'filesystem_initialized' => false,
)

[Tue, 23 Sep 2025 00:49:27 +0000] wpr: __construct
array (
  'prefix' => 'wpr',
  'licensing_servers' => 
  array (
    0 => 'https://dashboard.wpreset.com/api/',
  ),
  'version' => '2.05',
  'plugin_file' => 'C:\\xampp\\htdocs\\iftheshoefitz\\wp-content\\plugins\\wp-reset\\wp-reset.php',
  'plugin_page' => 'tools_page_wp-reset',
  'skip_hooks' => false,
  'debug' => true,
  'js_folder' => 'http://localhost/iftheshoefitz/wp-content/plugins/wp-reset//js/',
)
array (
  'prefix' => 'wpr',
  'licensing_servers' => 
  array (
    0 => 'https://dashboard.wpreset.com/api/',
  ),
  'version' => '2.05',
  'slug' => 'wp-reset',
  'basename' => 'wp-reset/wp-reset.php',
  'plugin_page' => 'tools_page_wp-reset',
  'plugin_file' => 'C:\\xampp\\htdocs\\iftheshoefitz\\wp-content\\plugins\\wp-reset\\wp-reset.php',
  'js_folder' => 'http://localhost/iftheshoefitz/wp-content/plugins/wp-reset//js/',
  'api_ver' => 'v1/',
  'valid_forever' => '2035-01-01',
  'unlimited_installs' => 99999,
  'debug' => true,
  'filesystem_initialized' => false,
)

[Tue, 23 Sep 2025 00:49:29 +0000] wpr: __construct
array (
  'prefix' => 'wpr',
  'licensing_servers' => 
  array (
    0 => 'https://dashboard.wpreset.com/api/',
  ),
  'version' => '2.05',
  'plugin_file' => 'C:\\xampp\\htdocs\\iftheshoefitz\\wp-content\\plugins\\wp-reset\\wp-reset.php',
  'plugin_page' => 'tools_page_wp-reset',
  'skip_hooks' => false,
  'debug' => true,
  'js_folder' => 'http://localhost/iftheshoefitz/wp-content/plugins/wp-reset//js/',
)
array (
  'prefix' => 'wpr',
  'licensing_servers' => 
  array (
    0 => 'https://dashboard.wpreset.com/api/',
  ),
  'version' => '2.05',
  'slug' => 'wp-reset',
  'basename' => 'wp-reset/wp-reset.php',
  'plugin_page' => 'tools_page_wp-reset',
  'plugin_file' => 'C:\\xampp\\htdocs\\iftheshoefitz\\wp-content\\plugins\\wp-reset\\wp-reset.php',
  'js_folder' => 'http://localhost/iftheshoefitz/wp-content/plugins/wp-reset//js/',
  'api_ver' => 'v1/',
  'valid_forever' => '2035-01-01',
  'unlimited_installs' => 99999,
  'debug' => true,
  'filesystem_initialized' => false,
)

[Tue, 23 Sep 2025 00:49:32 +0000] wpr: __construct
array (
  'prefix' => 'wpr',
  'licensing_servers' => 
  array (
    0 => 'https://dashboard.wpreset.com/api/',
  ),
  'version' => '2.05',
  'plugin_file' => 'C:\\xampp\\htdocs\\iftheshoefitz\\wp-content\\plugins\\wp-reset\\wp-reset.php',
  'plugin_page' => 'tools_page_wp-reset',
  'skip_hooks' => false,
  'debug' => true,
  'js_folder' => 'http://localhost/iftheshoefitz/wp-content/plugins/wp-reset//js/',
)
array (
  'prefix' => 'wpr',
  'licensing_servers' => 
  array (
    0 => 'https://dashboard.wpreset.com/api/',
  ),
  'version' => '2.05',
  'slug' => 'wp-reset',
  'basename' => 'wp-reset/wp-reset.php',
  'plugin_page' => 'tools_page_wp-reset',
  'plugin_file' => 'C:\\xampp\\htdocs\\iftheshoefitz\\wp-content\\plugins\\wp-reset\\wp-reset.php',
  'js_folder' => 'http://localhost/iftheshoefitz/wp-content/plugins/wp-reset//js/',
  'api_ver' => 'v1/',
  'valid_forever' => '2035-01-01',
  'unlimited_installs' => 99999,
  'debug' => true,
  'filesystem_initialized' => false,
)

[Tue, 23 Sep 2025 00:49:32 +0000] wpr: __construct
array (
  'prefix' => 'wpr',
  'licensing_servers' => 
  array (
    0 => 'https://dashboard.wpreset.com/api/',
  ),
  'version' => '2.05',
  'plugin_file' => 'C:\\xampp\\htdocs\\iftheshoefitz\\wp-content\\plugins\\wp-reset\\wp-reset.php',
  'plugin_page' => 'tools_page_wp-reset',
  'skip_hooks' => false,
  'debug' => true,
  'js_folder' => 'http://localhost/iftheshoefitz/wp-content/plugins/wp-reset//js/',
)
array (
  'prefix' => 'wpr',
  'licensing_servers' => 
  array (
    0 => 'https://dashboard.wpreset.com/api/',
  ),
  'version' => '2.05',
  'slug' => 'wp-reset',
  'basename' => 'wp-reset/wp-reset.php',
  'plugin_page' => 'tools_page_wp-reset',
  'plugin_file' => 'C:\\xampp\\htdocs\\iftheshoefitz\\wp-content\\plugins\\wp-reset\\wp-reset.php',
  'js_folder' => 'http://localhost/iftheshoefitz/wp-content/plugins/wp-reset//js/',
  'api_ver' => 'v1/',
  'valid_forever' => '2035-01-01',
  'unlimited_installs' => 99999,
  'debug' => true,
  'filesystem_initialized' => false,
)

[Tue, 23 Sep 2025 00:49:34 +0000] wpr: __construct
array (
  'prefix' => 'wpr',
  'licensing_servers' => 
  array (
    0 => 'https://dashboard.wpreset.com/api/',
  ),
  'version' => '2.05',
  'plugin_file' => 'C:\\xampp\\htdocs\\iftheshoefitz\\wp-content\\plugins\\wp-reset\\wp-reset.php',
  'plugin_page' => 'tools_page_wp-reset',
  'skip_hooks' => false,
  'debug' => true,
  'js_folder' => 'http://localhost/iftheshoefitz/wp-content/plugins/wp-reset//js/',
)
array (
  'prefix' => 'wpr',
  'licensing_servers' => 
  array (
    0 => 'https://dashboard.wpreset.com/api/',
  ),
  'version' => '2.05',
  'slug' => 'wp-reset',
  'basename' => 'wp-reset/wp-reset.php',
  'plugin_page' => 'tools_page_wp-reset',
  'plugin_file' => 'C:\\xampp\\htdocs\\iftheshoefitz\\wp-content\\plugins\\wp-reset\\wp-reset.php',
  'js_folder' => 'http://localhost/iftheshoefitz/wp-content/plugins/wp-reset//js/',
  'api_ver' => 'v1/',
  'valid_forever' => '2035-01-01',
  'unlimited_installs' => 99999,
  'debug' => true,
  'filesystem_initialized' => false,
)

[Tue, 23 Sep 2025 00:49:36 +0000] wpr: __construct
array (
  'prefix' => 'wpr',
  'licensing_servers' => 
  array (
    0 => 'https://dashboard.wpreset.com/api/',
  ),
  'version' => '2.05',
  'plugin_file' => 'C:\\xampp\\htdocs\\iftheshoefitz\\wp-content\\plugins\\wp-reset\\wp-reset.php',
  'plugin_page' => 'tools_page_wp-reset',
  'skip_hooks' => false,
  'debug' => true,
  'js_folder' => 'http://localhost/iftheshoefitz/wp-content/plugins/wp-reset//js/',
)
array (
  'prefix' => 'wpr',
  'licensing_servers' => 
  array (
    0 => 'https://dashboard.wpreset.com/api/',
  ),
  'version' => '2.05',
  'slug' => 'wp-reset',
  'basename' => 'wp-reset/wp-reset.php',
  'plugin_page' => 'tools_page_wp-reset',
  'plugin_file' => 'C:\\xampp\\htdocs\\iftheshoefitz\\wp-content\\plugins\\wp-reset\\wp-reset.php',
  'js_folder' => 'http://localhost/iftheshoefitz/wp-content/plugins/wp-reset//js/',
  'api_ver' => 'v1/',
  'valid_forever' => '2035-01-01',
  'unlimited_installs' => 99999,
  'debug' => true,
  'filesystem_initialized' => false,
)

[Tue, 23 Sep 2025 00:49:36 +0000] wpr: __construct
array (
  'prefix' => 'wpr',
  'licensing_servers' => 
  array (
    0 => 'https://dashboard.wpreset.com/api/',
  ),
  'version' => '2.05',
  'plugin_file' => 'C:\\xampp\\htdocs\\iftheshoefitz\\wp-content\\plugins\\wp-reset\\wp-reset.php',
  'plugin_page' => 'tools_page_wp-reset',
  'skip_hooks' => false,
  'debug' => true,
  'js_folder' => 'http://localhost/iftheshoefitz/wp-content/plugins/wp-reset//js/',
)
array (
  'prefix' => 'wpr',
  'licensing_servers' => 
  array (
    0 => 'https://dashboard.wpreset.com/api/',
  ),
  'version' => '2.05',
  'slug' => 'wp-reset',
  'basename' => 'wp-reset/wp-reset.php',
  'plugin_page' => 'tools_page_wp-reset',
  'plugin_file' => 'C:\\xampp\\htdocs\\iftheshoefitz\\wp-content\\plugins\\wp-reset\\wp-reset.php',
  'js_folder' => 'http://localhost/iftheshoefitz/wp-content/plugins/wp-reset//js/',
  'api_ver' => 'v1/',
  'valid_forever' => '2035-01-01',
  'unlimited_installs' => 99999,
  'debug' => true,
  'filesystem_initialized' => false,
)

[Tue, 23 Sep 2025 00:49:40 +0000] wpr: __construct
array (
  'prefix' => 'wpr',
  'licensing_servers' => 
  array (
    0 => 'https://dashboard.wpreset.com/api/',
  ),
  'version' => '2.05',
  'plugin_file' => 'C:\\xampp\\htdocs\\iftheshoefitz\\wp-content\\plugins\\wp-reset\\wp-reset.php',
  'plugin_page' => 'tools_page_wp-reset',
  'skip_hooks' => false,
  'debug' => true,
  'js_folder' => 'http://localhost/iftheshoefitz/wp-content/plugins/wp-reset//js/',
)
array (
  'prefix' => 'wpr',
  'licensing_servers' => 
  array (
    0 => 'https://dashboard.wpreset.com/api/',
  ),
  'version' => '2.05',
  'slug' => 'wp-reset',
  'basename' => 'wp-reset/wp-reset.php',
  'plugin_page' => 'tools_page_wp-reset',
  'plugin_file' => 'C:\\xampp\\htdocs\\iftheshoefitz\\wp-content\\plugins\\wp-reset\\wp-reset.php',
  'js_folder' => 'http://localhost/iftheshoefitz/wp-content/plugins/wp-reset//js/',
  'api_ver' => 'v1/',
  'valid_forever' => '2035-01-01',
  'unlimited_installs' => 99999,
  'debug' => true,
  'filesystem_initialized' => false,
)

[Tue, 23 Sep 2025 00:49:44 +0000] wpr: __construct
array (
  'prefix' => 'wpr',
  'licensing_servers' => 
  array (
    0 => 'https://dashboard.wpreset.com/api/',
  ),
  'version' => '2.05',
  'plugin_file' => 'C:\\xampp\\htdocs\\iftheshoefitz\\wp-content\\plugins\\wp-reset\\wp-reset.php',
  'plugin_page' => 'tools_page_wp-reset',
  'skip_hooks' => false,
  'debug' => true,
  'js_folder' => 'http://localhost/iftheshoefitz/wp-content/plugins/wp-reset//js/',
)
array (
  'prefix' => 'wpr',
  'licensing_servers' => 
  array (
    0 => 'https://dashboard.wpreset.com/api/',
  ),
  'version' => '2.05',
  'slug' => 'wp-reset',
  'basename' => 'wp-reset/wp-reset.php',
  'plugin_page' => 'tools_page_wp-reset',
  'plugin_file' => 'C:\\xampp\\htdocs\\iftheshoefitz\\wp-content\\plugins\\wp-reset\\wp-reset.php',
  'js_folder' => 'http://localhost/iftheshoefitz/wp-content/plugins/wp-reset//js/',
  'api_ver' => 'v1/',
  'valid_forever' => '2035-01-01',
  'unlimited_installs' => 99999,
  'debug' => true,
  'filesystem_initialized' => false,
)

[Tue, 23 Sep 2025 00:49:46 +0000] wpr: __construct
array (
  'prefix' => 'wpr',
  'licensing_servers' => 
  array (
    0 => 'https://dashboard.wpreset.com/api/',
  ),
  'version' => '2.05',
  'plugin_file' => 'C:\\xampp\\htdocs\\iftheshoefitz\\wp-content\\plugins\\wp-reset\\wp-reset.php',
  'plugin_page' => 'tools_page_wp-reset',
  'skip_hooks' => false,
  'debug' => true,
  'js_folder' => 'http://localhost/iftheshoefitz/wp-content/plugins/wp-reset//js/',
)
array (
  'prefix' => 'wpr',
  'licensing_servers' => 
  array (
    0 => 'https://dashboard.wpreset.com/api/',
  ),
  'version' => '2.05',
  'slug' => 'wp-reset',
  'basename' => 'wp-reset/wp-reset.php',
  'plugin_page' => 'tools_page_wp-reset',
  'plugin_file' => 'C:\\xampp\\htdocs\\iftheshoefitz\\wp-content\\plugins\\wp-reset\\wp-reset.php',
  'js_folder' => 'http://localhost/iftheshoefitz/wp-content/plugins/wp-reset//js/',
  'api_ver' => 'v1/',
  'valid_forever' => '2035-01-01',
  'unlimited_installs' => 99999,
  'debug' => true,
  'filesystem_initialized' => false,
)

[Tue, 23 Sep 2025 00:49:47 +0000] wpr: __construct
array (
  'prefix' => 'wpr',
  'licensing_servers' => 
  array (
    0 => 'https://dashboard.wpreset.com/api/',
  ),
  'version' => '2.05',
  'plugin_file' => 'C:\\xampp\\htdocs\\iftheshoefitz\\wp-content\\plugins\\wp-reset\\wp-reset.php',
  'plugin_page' => 'tools_page_wp-reset',
  'skip_hooks' => false,
  'debug' => true,
  'js_folder' => 'http://localhost/iftheshoefitz/wp-content/plugins/wp-reset//js/',
)
array (
  'prefix' => 'wpr',
  'licensing_servers' => 
  array (
    0 => 'https://dashboard.wpreset.com/api/',
  ),
  'version' => '2.05',
  'slug' => 'wp-reset',
  'basename' => 'wp-reset/wp-reset.php',
  'plugin_page' => 'tools_page_wp-reset',
  'plugin_file' => 'C:\\xampp\\htdocs\\iftheshoefitz\\wp-content\\plugins\\wp-reset\\wp-reset.php',
  'js_folder' => 'http://localhost/iftheshoefitz/wp-content/plugins/wp-reset//js/',
  'api_ver' => 'v1/',
  'valid_forever' => '2035-01-01',
  'unlimited_installs' => 99999,
  'debug' => true,
  'filesystem_initialized' => false,
)

[Tue, 23 Sep 2025 00:49:48 +0000] wpr: __construct
array (
  'prefix' => 'wpr',
  'licensing_servers' => 
  array (
    0 => 'https://dashboard.wpreset.com/api/',
  ),
  'version' => '2.05',
  'plugin_file' => 'C:\\xampp\\htdocs\\iftheshoefitz\\wp-content\\plugins\\wp-reset\\wp-reset.php',
  'plugin_page' => 'tools_page_wp-reset',
  'skip_hooks' => false,
  'debug' => true,
  'js_folder' => 'http://localhost/iftheshoefitz/wp-content/plugins/wp-reset//js/',
)
array (
  'prefix' => 'wpr',
  'licensing_servers' => 
  array (
    0 => 'https://dashboard.wpreset.com/api/',
  ),
  'version' => '2.05',
  'slug' => 'wp-reset',
  'basename' => 'wp-reset/wp-reset.php',
  'plugin_page' => 'tools_page_wp-reset',
  'plugin_file' => 'C:\\xampp\\htdocs\\iftheshoefitz\\wp-content\\plugins\\wp-reset\\wp-reset.php',
  'js_folder' => 'http://localhost/iftheshoefitz/wp-content/plugins/wp-reset//js/',
  'api_ver' => 'v1/',
  'valid_forever' => '2035-01-01',
  'unlimited_installs' => 99999,
  'debug' => true,
  'filesystem_initialized' => false,
)

[Tue, 23 Sep 2025 00:49:51 +0000] wpr: __construct
array (
  'prefix' => 'wpr',
  'licensing_servers' => 
  array (
    0 => 'https://dashboard.wpreset.com/api/',
  ),
  'version' => '2.05',
  'plugin_file' => 'C:\\xampp\\htdocs\\iftheshoefitz\\wp-content\\plugins\\wp-reset\\wp-reset.php',
  'plugin_page' => 'tools_page_wp-reset',
  'skip_hooks' => false,
  'debug' => true,
  'js_folder' => 'http://localhost/iftheshoefitz/wp-content/plugins/wp-reset//js/',
)
array (
  'prefix' => 'wpr',
  'licensing_servers' => 
  array (
    0 => 'https://dashboard.wpreset.com/api/',
  ),
  'version' => '2.05',
  'slug' => 'wp-reset',
  'basename' => 'wp-reset/wp-reset.php',
  'plugin_page' => 'tools_page_wp-reset',
  'plugin_file' => 'C:\\xampp\\htdocs\\iftheshoefitz\\wp-content\\plugins\\wp-reset\\wp-reset.php',
  'js_folder' => 'http://localhost/iftheshoefitz/wp-content/plugins/wp-reset//js/',
  'api_ver' => 'v1/',
  'valid_forever' => '2035-01-01',
  'unlimited_installs' => 99999,
  'debug' => true,
  'filesystem_initialized' => false,
)

[Tue, 23 Sep 2025 00:49:55 +0000] wpr: __construct
array (
  'prefix' => 'wpr',
  'licensing_servers' => 
  array (
    0 => 'https://dashboard.wpreset.com/api/',
  ),
  'version' => '2.05',
  'plugin_file' => 'C:\\xampp\\htdocs\\iftheshoefitz\\wp-content\\plugins\\wp-reset\\wp-reset.php',
  'plugin_page' => 'tools_page_wp-reset',
  'skip_hooks' => false,
  'debug' => true,
  'js_folder' => 'http://localhost/iftheshoefitz/wp-content/plugins/wp-reset//js/',
)
array (
  'prefix' => 'wpr',
  'licensing_servers' => 
  array (
    0 => 'https://dashboard.wpreset.com/api/',
  ),
  'version' => '2.05',
  'slug' => 'wp-reset',
  'basename' => 'wp-reset/wp-reset.php',
  'plugin_page' => 'tools_page_wp-reset',
  'plugin_file' => 'C:\\xampp\\htdocs\\iftheshoefitz\\wp-content\\plugins\\wp-reset\\wp-reset.php',
  'js_folder' => 'http://localhost/iftheshoefitz/wp-content/plugins/wp-reset//js/',
  'api_ver' => 'v1/',
  'valid_forever' => '2035-01-01',
  'unlimited_installs' => 99999,
  'debug' => true,
  'filesystem_initialized' => false,
)

[Tue, 23 Sep 2025 00:49:57 +0000] wpr: __construct
array (
  'prefix' => 'wpr',
  'licensing_servers' => 
  array (
    0 => 'https://dashboard.wpreset.com/api/',
  ),
  'version' => '2.05',
  'plugin_file' => 'C:\\xampp\\htdocs\\iftheshoefitz\\wp-content\\plugins\\wp-reset\\wp-reset.php',
  'plugin_page' => 'tools_page_wp-reset',
  'skip_hooks' => false,
  'debug' => true,
  'js_folder' => 'http://localhost/iftheshoefitz/wp-content/plugins/wp-reset//js/',
)
array (
  'prefix' => 'wpr',
  'licensing_servers' => 
  array (
    0 => 'https://dashboard.wpreset.com/api/',
  ),
  'version' => '2.05',
  'slug' => 'wp-reset',
  'basename' => 'wp-reset/wp-reset.php',
  'plugin_page' => 'tools_page_wp-reset',
  'plugin_file' => 'C:\\xampp\\htdocs\\iftheshoefitz\\wp-content\\plugins\\wp-reset\\wp-reset.php',
  'js_folder' => 'http://localhost/iftheshoefitz/wp-content/plugins/wp-reset//js/',
  'api_ver' => 'v1/',
  'valid_forever' => '2035-01-01',
  'unlimited_installs' => 99999,
  'debug' => true,
  'filesystem_initialized' => false,
)

[Tue, 23 Sep 2025 00:49:58 +0000] wpr: __construct
array (
  'prefix' => 'wpr',
  'licensing_servers' => 
  array (
    0 => 'https://dashboard.wpreset.com/api/',
  ),
  'version' => '2.05',
  'plugin_file' => 'C:\\xampp\\htdocs\\iftheshoefitz\\wp-content\\plugins\\wp-reset\\wp-reset.php',
  'plugin_page' => 'tools_page_wp-reset',
  'skip_hooks' => false,
  'debug' => true,
  'js_folder' => 'http://localhost/iftheshoefitz/wp-content/plugins/wp-reset//js/',
)
array (
  'prefix' => 'wpr',
  'licensing_servers' => 
  array (
    0 => 'https://dashboard.wpreset.com/api/',
  ),
  'version' => '2.05',
  'slug' => 'wp-reset',
  'basename' => 'wp-reset/wp-reset.php',
  'plugin_page' => 'tools_page_wp-reset',
  'plugin_file' => 'C:\\xampp\\htdocs\\iftheshoefitz\\wp-content\\plugins\\wp-reset\\wp-reset.php',
  'js_folder' => 'http://localhost/iftheshoefitz/wp-content/plugins/wp-reset//js/',
  'api_ver' => 'v1/',
  'valid_forever' => '2035-01-01',
  'unlimited_installs' => 99999,
  'debug' => true,
  'filesystem_initialized' => false,
)

[Tue, 23 Sep 2025 00:49:58 +0000] wpr: __construct
array (
  'prefix' => 'wpr',
  'licensing_servers' => 
  array (
    0 => 'https://dashboard.wpreset.com/api/',
  ),
  'version' => '2.05',
  'plugin_file' => 'C:\\xampp\\htdocs\\iftheshoefitz\\wp-content\\plugins\\wp-reset\\wp-reset.php',
  'plugin_page' => 'tools_page_wp-reset',
  'skip_hooks' => false,
  'debug' => true,
  'js_folder' => 'http://localhost/iftheshoefitz/wp-content/plugins/wp-reset//js/',
)
array (
  'prefix' => 'wpr',
  'licensing_servers' => 
  array (
    0 => 'https://dashboard.wpreset.com/api/',
  ),
  'version' => '2.05',
  'slug' => 'wp-reset',
  'basename' => 'wp-reset/wp-reset.php',
  'plugin_page' => 'tools_page_wp-reset',
  'plugin_file' => 'C:\\xampp\\htdocs\\iftheshoefitz\\wp-content\\plugins\\wp-reset\\wp-reset.php',
  'js_folder' => 'http://localhost/iftheshoefitz/wp-content/plugins/wp-reset//js/',
  'api_ver' => 'v1/',
  'valid_forever' => '2035-01-01',
  'unlimited_installs' => 99999,
  'debug' => true,
  'filesystem_initialized' => false,
)

[Tue, 23 Sep 2025 00:50:00 +0000] wpr: __construct
array (
  'prefix' => 'wpr',
  'licensing_servers' => 
  array (
    0 => 'https://dashboard.wpreset.com/api/',
  ),
  'version' => '2.05',
  'plugin_file' => 'C:\\xampp\\htdocs\\iftheshoefitz\\wp-content\\plugins\\wp-reset\\wp-reset.php',
  'plugin_page' => 'tools_page_wp-reset',
  'skip_hooks' => false,
  'debug' => true,
  'js_folder' => 'http://localhost/iftheshoefitz/wp-content/plugins/wp-reset//js/',
)
array (
  'prefix' => 'wpr',
  'licensing_servers' => 
  array (
    0 => 'https://dashboard.wpreset.com/api/',
  ),
  'version' => '2.05',
  'slug' => 'wp-reset',
  'basename' => 'wp-reset/wp-reset.php',
  'plugin_page' => 'tools_page_wp-reset',
  'plugin_file' => 'C:\\xampp\\htdocs\\iftheshoefitz\\wp-content\\plugins\\wp-reset\\wp-reset.php',
  'js_folder' => 'http://localhost/iftheshoefitz/wp-content/plugins/wp-reset//js/',
  'api_ver' => 'v1/',
  'valid_forever' => '2035-01-01',
  'unlimited_installs' => 99999,
  'debug' => true,
  'filesystem_initialized' => false,
)

[Tue, 23 Sep 2025 00:50:02 +0000] wpr: __construct
array (
  'prefix' => 'wpr',
  'licensing_servers' => 
  array (
    0 => 'https://dashboard.wpreset.com/api/',
  ),
  'version' => '2.05',
  'plugin_file' => 'C:\\xampp\\htdocs\\iftheshoefitz\\wp-content\\plugins\\wp-reset\\wp-reset.php',
  'plugin_page' => 'tools_page_wp-reset',
  'skip_hooks' => false,
  'debug' => true,
  'js_folder' => 'http://localhost/iftheshoefitz/wp-content/plugins/wp-reset//js/',
)
array (
  'prefix' => 'wpr',
  'licensing_servers' => 
  array (
    0 => 'https://dashboard.wpreset.com/api/',
  ),
  'version' => '2.05',
  'slug' => 'wp-reset',
  'basename' => 'wp-reset/wp-reset.php',
  'plugin_page' => 'tools_page_wp-reset',
  'plugin_file' => 'C:\\xampp\\htdocs\\iftheshoefitz\\wp-content\\plugins\\wp-reset\\wp-reset.php',
  'js_folder' => 'http://localhost/iftheshoefitz/wp-content/plugins/wp-reset//js/',
  'api_ver' => 'v1/',
  'valid_forever' => '2035-01-01',
  'unlimited_installs' => 99999,
  'debug' => true,
  'filesystem_initialized' => false,
)

[Tue, 23 Sep 2025 00:50:04 +0000] wpr: __construct
array (
  'prefix' => 'wpr',
  'licensing_servers' => 
  array (
    0 => 'https://dashboard.wpreset.com/api/',
  ),
  'version' => '2.05',
  'plugin_file' => 'C:\\xampp\\htdocs\\iftheshoefitz\\wp-content\\plugins\\wp-reset\\wp-reset.php',
  'plugin_page' => 'tools_page_wp-reset',
  'skip_hooks' => false,
  'debug' => true,
  'js_folder' => 'http://localhost/iftheshoefitz/wp-content/plugins/wp-reset//js/',
)
array (
  'prefix' => 'wpr',
  'licensing_servers' => 
  array (
    0 => 'https://dashboard.wpreset.com/api/',
  ),
  'version' => '2.05',
  'slug' => 'wp-reset',
  'basename' => 'wp-reset/wp-reset.php',
  'plugin_page' => 'tools_page_wp-reset',
  'plugin_file' => 'C:\\xampp\\htdocs\\iftheshoefitz\\wp-content\\plugins\\wp-reset\\wp-reset.php',
  'js_folder' => 'http://localhost/iftheshoefitz/wp-content/plugins/wp-reset//js/',
  'api_ver' => 'v1/',
  'valid_forever' => '2035-01-01',
  'unlimited_installs' => 99999,
  'debug' => true,
  'filesystem_initialized' => false,
)

[Tue, 23 Sep 2025 00:50:05 +0000] wpr: __construct
array (
  'prefix' => 'wpr',
  'licensing_servers' => 
  array (
    0 => 'https://dashboard.wpreset.com/api/',
  ),
  'version' => '2.05',
  'plugin_file' => 'C:\\xampp\\htdocs\\iftheshoefitz\\wp-content\\plugins\\wp-reset\\wp-reset.php',
  'plugin_page' => 'tools_page_wp-reset',
  'skip_hooks' => false,
  'debug' => true,
  'js_folder' => 'http://localhost/iftheshoefitz/wp-content/plugins/wp-reset//js/',
)
array (
  'prefix' => 'wpr',
  'licensing_servers' => 
  array (
    0 => 'https://dashboard.wpreset.com/api/',
  ),
  'version' => '2.05',
  'slug' => 'wp-reset',
  'basename' => 'wp-reset/wp-reset.php',
  'plugin_page' => 'tools_page_wp-reset',
  'plugin_file' => 'C:\\xampp\\htdocs\\iftheshoefitz\\wp-content\\plugins\\wp-reset\\wp-reset.php',
  'js_folder' => 'http://localhost/iftheshoefitz/wp-content/plugins/wp-reset//js/',
  'api_ver' => 'v1/',
  'valid_forever' => '2035-01-01',
  'unlimited_installs' => 99999,
  'debug' => true,
  'filesystem_initialized' => false,
)

[Tue, 23 Sep 2025 00:50:05 +0000] wpr: __construct
array (
  'prefix' => 'wpr',
  'licensing_servers' => 
  array (
    0 => 'https://dashboard.wpreset.com/api/',
  ),
  'version' => '2.05',
  'plugin_file' => 'C:\\xampp\\htdocs\\iftheshoefitz\\wp-content\\plugins\\wp-reset\\wp-reset.php',
  'plugin_page' => 'tools_page_wp-reset',
  'skip_hooks' => false,
  'debug' => true,
  'js_folder' => 'http://localhost/iftheshoefitz/wp-content/plugins/wp-reset//js/',
)
array (
  'prefix' => 'wpr',
  'licensing_servers' => 
  array (
    0 => 'https://dashboard.wpreset.com/api/',
  ),
  'version' => '2.05',
  'slug' => 'wp-reset',
  'basename' => 'wp-reset/wp-reset.php',
  'plugin_page' => 'tools_page_wp-reset',
  'plugin_file' => 'C:\\xampp\\htdocs\\iftheshoefitz\\wp-content\\plugins\\wp-reset\\wp-reset.php',
  'js_folder' => 'http://localhost/iftheshoefitz/wp-content/plugins/wp-reset//js/',
  'api_ver' => 'v1/',
  'valid_forever' => '2035-01-01',
  'unlimited_installs' => 99999,
  'debug' => true,
  'filesystem_initialized' => false,
)

[Tue, 23 Sep 2025 00:50:09 +0000] wpr: __construct
array (
  'prefix' => 'wpr',
  'licensing_servers' => 
  array (
    0 => 'https://dashboard.wpreset.com/api/',
  ),
  'version' => '2.05',
  'plugin_file' => 'C:\\xampp\\htdocs\\iftheshoefitz\\wp-content\\plugins\\wp-reset\\wp-reset.php',
  'plugin_page' => 'tools_page_wp-reset',
  'skip_hooks' => false,
  'debug' => true,
  'js_folder' => 'http://localhost/iftheshoefitz/wp-content/plugins/wp-reset//js/',
)
array (
  'prefix' => 'wpr',
  'licensing_servers' => 
  array (
    0 => 'https://dashboard.wpreset.com/api/',
  ),
  'version' => '2.05',
  'slug' => 'wp-reset',
  'basename' => 'wp-reset/wp-reset.php',
  'plugin_page' => 'tools_page_wp-reset',
  'plugin_file' => 'C:\\xampp\\htdocs\\iftheshoefitz\\wp-content\\plugins\\wp-reset\\wp-reset.php',
  'js_folder' => 'http://localhost/iftheshoefitz/wp-content/plugins/wp-reset//js/',
  'api_ver' => 'v1/',
  'valid_forever' => '2035-01-01',
  'unlimited_installs' => 99999,
  'debug' => true,
  'filesystem_initialized' => false,
)

[Tue, 23 Sep 2025 00:50:10 +0000] wpr: __construct
array (
  'prefix' => 'wpr',
  'licensing_servers' => 
  array (
    0 => 'https://dashboard.wpreset.com/api/',
  ),
  'version' => '2.05',
  'plugin_file' => 'C:\\xampp\\htdocs\\iftheshoefitz\\wp-content\\plugins\\wp-reset\\wp-reset.php',
  'plugin_page' => 'tools_page_wp-reset',
  'skip_hooks' => false,
  'debug' => true,
  'js_folder' => 'http://localhost/iftheshoefitz/wp-content/plugins/wp-reset//js/',
)
array (
  'prefix' => 'wpr',
  'licensing_servers' => 
  array (
    0 => 'https://dashboard.wpreset.com/api/',
  ),
  'version' => '2.05',
  'slug' => 'wp-reset',
  'basename' => 'wp-reset/wp-reset.php',
  'plugin_page' => 'tools_page_wp-reset',
  'plugin_file' => 'C:\\xampp\\htdocs\\iftheshoefitz\\wp-content\\plugins\\wp-reset\\wp-reset.php',
  'js_folder' => 'http://localhost/iftheshoefitz/wp-content/plugins/wp-reset//js/',
  'api_ver' => 'v1/',
  'valid_forever' => '2035-01-01',
  'unlimited_installs' => 99999,
  'debug' => true,
  'filesystem_initialized' => false,
)

[Tue, 23 Sep 2025 00:50:13 +0000] wpr: __construct
array (
  'prefix' => 'wpr',
  'licensing_servers' => 
  array (
    0 => 'https://dashboard.wpreset.com/api/',
  ),
  'version' => '2.05',
  'plugin_file' => 'C:\\xampp\\htdocs\\iftheshoefitz\\wp-content\\plugins\\wp-reset\\wp-reset.php',
  'plugin_page' => 'tools_page_wp-reset',
  'skip_hooks' => false,
  'debug' => true,
  'js_folder' => 'http://localhost/iftheshoefitz/wp-content/plugins/wp-reset//js/',
)
array (
  'prefix' => 'wpr',
  'licensing_servers' => 
  array (
    0 => 'https://dashboard.wpreset.com/api/',
  ),
  'version' => '2.05',
  'slug' => 'wp-reset',
  'basename' => 'wp-reset/wp-reset.php',
  'plugin_page' => 'tools_page_wp-reset',
  'plugin_file' => 'C:\\xampp\\htdocs\\iftheshoefitz\\wp-content\\plugins\\wp-reset\\wp-reset.php',
  'js_folder' => 'http://localhost/iftheshoefitz/wp-content/plugins/wp-reset//js/',
  'api_ver' => 'v1/',
  'valid_forever' => '2035-01-01',
  'unlimited_installs' => 99999,
  'debug' => true,
  'filesystem_initialized' => false,
)

[Tue, 23 Sep 2025 00:50:13 +0000] wpr: __construct
array (
  'prefix' => 'wpr',
  'licensing_servers' => 
  array (
    0 => 'https://dashboard.wpreset.com/api/',
  ),
  'version' => '2.05',
  'plugin_file' => 'C:\\xampp\\htdocs\\iftheshoefitz\\wp-content\\plugins\\wp-reset\\wp-reset.php',
  'plugin_page' => 'tools_page_wp-reset',
  'skip_hooks' => false,
  'debug' => true,
  'js_folder' => 'http://localhost/iftheshoefitz/wp-content/plugins/wp-reset//js/',
)
array (
  'prefix' => 'wpr',
  'licensing_servers' => 
  array (
    0 => 'https://dashboard.wpreset.com/api/',
  ),
  'version' => '2.05',
  'slug' => 'wp-reset',
  'basename' => 'wp-reset/wp-reset.php',
  'plugin_page' => 'tools_page_wp-reset',
  'plugin_file' => 'C:\\xampp\\htdocs\\iftheshoefitz\\wp-content\\plugins\\wp-reset\\wp-reset.php',
  'js_folder' => 'http://localhost/iftheshoefitz/wp-content/plugins/wp-reset//js/',
  'api_ver' => 'v1/',
  'valid_forever' => '2035-01-01',
  'unlimited_installs' => 99999,
  'debug' => true,
  'filesystem_initialized' => false,
)

[Tue, 23 Sep 2025 00:50:13 +0000] wpr: __construct
array (
  'prefix' => 'wpr',
  'licensing_servers' => 
  array (
    0 => 'https://dashboard.wpreset.com/api/',
  ),
  'version' => '2.05',
  'plugin_file' => 'C:\\xampp\\htdocs\\iftheshoefitz\\wp-content\\plugins\\wp-reset\\wp-reset.php',
  'plugin_page' => 'tools_page_wp-reset',
  'skip_hooks' => false,
  'debug' => true,
  'js_folder' => 'http://localhost/iftheshoefitz/wp-content/plugins/wp-reset//js/',
)
array (
  'prefix' => 'wpr',
  'licensing_servers' => 
  array (
    0 => 'https://dashboard.wpreset.com/api/',
  ),
  'version' => '2.05',
  'slug' => 'wp-reset',
  'basename' => 'wp-reset/wp-reset.php',
  'plugin_page' => 'tools_page_wp-reset',
  'plugin_file' => 'C:\\xampp\\htdocs\\iftheshoefitz\\wp-content\\plugins\\wp-reset\\wp-reset.php',
  'js_folder' => 'http://localhost/iftheshoefitz/wp-content/plugins/wp-reset//js/',
  'api_ver' => 'v1/',
  'valid_forever' => '2035-01-01',
  'unlimited_installs' => 99999,
  'debug' => true,
  'filesystem_initialized' => false,
)

[Tue, 23 Sep 2025 00:50:16 +0000] wpr: __construct
array (
  'prefix' => 'wpr',
  'licensing_servers' => 
  array (
    0 => 'https://dashboard.wpreset.com/api/',
  ),
  'version' => '2.05',
  'plugin_file' => 'C:\\xampp\\htdocs\\iftheshoefitz\\wp-content\\plugins\\wp-reset\\wp-reset.php',
  'plugin_page' => 'tools_page_wp-reset',
  'skip_hooks' => false,
  'debug' => true,
  'js_folder' => 'http://localhost/iftheshoefitz/wp-content/plugins/wp-reset//js/',
)
array (
  'prefix' => 'wpr',
  'licensing_servers' => 
  array (
    0 => 'https://dashboard.wpreset.com/api/',
  ),
  'version' => '2.05',
  'slug' => 'wp-reset',
  'basename' => 'wp-reset/wp-reset.php',
  'plugin_page' => 'tools_page_wp-reset',
  'plugin_file' => 'C:\\xampp\\htdocs\\iftheshoefitz\\wp-content\\plugins\\wp-reset\\wp-reset.php',
  'js_folder' => 'http://localhost/iftheshoefitz/wp-content/plugins/wp-reset//js/',
  'api_ver' => 'v1/',
  'valid_forever' => '2035-01-01',
  'unlimited_installs' => 99999,
  'debug' => true,
  'filesystem_initialized' => false,
)

[Tue, 23 Sep 2025 00:50:17 +0000] wpr: __construct
array (
  'prefix' => 'wpr',
  'licensing_servers' => 
  array (
    0 => 'https://dashboard.wpreset.com/api/',
  ),
  'version' => '2.05',
  'plugin_file' => 'C:\\xampp\\htdocs\\iftheshoefitz\\wp-content\\plugins\\wp-reset\\wp-reset.php',
  'plugin_page' => 'tools_page_wp-reset',
  'skip_hooks' => false,
  'debug' => true,
  'js_folder' => 'http://localhost/iftheshoefitz/wp-content/plugins/wp-reset//js/',
)
array (
  'prefix' => 'wpr',
  'licensing_servers' => 
  array (
    0 => 'https://dashboard.wpreset.com/api/',
  ),
  'version' => '2.05',
  'slug' => 'wp-reset',
  'basename' => 'wp-reset/wp-reset.php',
  'plugin_page' => 'tools_page_wp-reset',
  'plugin_file' => 'C:\\xampp\\htdocs\\iftheshoefitz\\wp-content\\plugins\\wp-reset\\wp-reset.php',
  'js_folder' => 'http://localhost/iftheshoefitz/wp-content/plugins/wp-reset//js/',
  'api_ver' => 'v1/',
  'valid_forever' => '2035-01-01',
  'unlimited_installs' => 99999,
  'debug' => true,
  'filesystem_initialized' => false,
)

[Tue, 23 Sep 2025 00:50:22 +0000] wpr: __construct
array (
  'prefix' => 'wpr',
  'licensing_servers' => 
  array (
    0 => 'https://dashboard.wpreset.com/api/',
  ),
  'version' => '2.05',
  'plugin_file' => 'C:\\xampp\\htdocs\\iftheshoefitz\\wp-content\\plugins\\wp-reset\\wp-reset.php',
  'plugin_page' => 'tools_page_wp-reset',
  'skip_hooks' => false,
  'debug' => true,
  'js_folder' => 'http://localhost/iftheshoefitz/wp-content/plugins/wp-reset//js/',
)
array (
  'prefix' => 'wpr',
  'licensing_servers' => 
  array (
    0 => 'https://dashboard.wpreset.com/api/',
  ),
  'version' => '2.05',
  'slug' => 'wp-reset',
  'basename' => 'wp-reset/wp-reset.php',
  'plugin_page' => 'tools_page_wp-reset',
  'plugin_file' => 'C:\\xampp\\htdocs\\iftheshoefitz\\wp-content\\plugins\\wp-reset\\wp-reset.php',
  'js_folder' => 'http://localhost/iftheshoefitz/wp-content/plugins/wp-reset//js/',
  'api_ver' => 'v1/',
  'valid_forever' => '2035-01-01',
  'unlimited_installs' => 99999,
  'debug' => true,
  'filesystem_initialized' => false,
)

[Tue, 23 Sep 2025 00:50:24 +0000] wpr: __construct
array (
  'prefix' => 'wpr',
  'licensing_servers' => 
  array (
    0 => 'https://dashboard.wpreset.com/api/',
  ),
  'version' => '2.05',
  'plugin_file' => 'C:\\xampp\\htdocs\\iftheshoefitz\\wp-content\\plugins\\wp-reset\\wp-reset.php',
  'plugin_page' => 'tools_page_wp-reset',
  'skip_hooks' => false,
  'debug' => true,
  'js_folder' => 'http://localhost/iftheshoefitz/wp-content/plugins/wp-reset//js/',
)
array (
  'prefix' => 'wpr',
  'licensing_servers' => 
  array (
    0 => 'https://dashboard.wpreset.com/api/',
  ),
  'version' => '2.05',
  'slug' => 'wp-reset',
  'basename' => 'wp-reset/wp-reset.php',
  'plugin_page' => 'tools_page_wp-reset',
  'plugin_file' => 'C:\\xampp\\htdocs\\iftheshoefitz\\wp-content\\plugins\\wp-reset\\wp-reset.php',
  'js_folder' => 'http://localhost/iftheshoefitz/wp-content/plugins/wp-reset//js/',
  'api_ver' => 'v1/',
  'valid_forever' => '2035-01-01',
  'unlimited_installs' => 99999,
  'debug' => true,
  'filesystem_initialized' => false,
)

[Tue, 23 Sep 2025 00:50:25 +0000] wpr: __construct
array (
  'prefix' => 'wpr',
  'licensing_servers' => 
  array (
    0 => 'https://dashboard.wpreset.com/api/',
  ),
  'version' => '2.05',
  'plugin_file' => 'C:\\xampp\\htdocs\\iftheshoefitz\\wp-content\\plugins\\wp-reset\\wp-reset.php',
  'plugin_page' => 'tools_page_wp-reset',
  'skip_hooks' => false,
  'debug' => true,
  'js_folder' => 'http://localhost/iftheshoefitz/wp-content/plugins/wp-reset//js/',
)
array (
  'prefix' => 'wpr',
  'licensing_servers' => 
  array (
    0 => 'https://dashboard.wpreset.com/api/',
  ),
  'version' => '2.05',
  'slug' => 'wp-reset',
  'basename' => 'wp-reset/wp-reset.php',
  'plugin_page' => 'tools_page_wp-reset',
  'plugin_file' => 'C:\\xampp\\htdocs\\iftheshoefitz\\wp-content\\plugins\\wp-reset\\wp-reset.php',
  'js_folder' => 'http://localhost/iftheshoefitz/wp-content/plugins/wp-reset//js/',
  'api_ver' => 'v1/',
  'valid_forever' => '2035-01-01',
  'unlimited_installs' => 99999,
  'debug' => true,
  'filesystem_initialized' => false,
)

[Tue, 23 Sep 2025 00:50:27 +0000] wpr: __construct
array (
  'prefix' => 'wpr',
  'licensing_servers' => 
  array (
    0 => 'https://dashboard.wpreset.com/api/',
  ),
  'version' => '2.05',
  'plugin_file' => 'C:\\xampp\\htdocs\\iftheshoefitz\\wp-content\\plugins\\wp-reset\\wp-reset.php',
  'plugin_page' => 'tools_page_wp-reset',
  'skip_hooks' => false,
  'debug' => true,
  'js_folder' => 'http://localhost/iftheshoefitz/wp-content/plugins/wp-reset//js/',
)
array (
  'prefix' => 'wpr',
  'licensing_servers' => 
  array (
    0 => 'https://dashboard.wpreset.com/api/',
  ),
  'version' => '2.05',
  'slug' => 'wp-reset',
  'basename' => 'wp-reset/wp-reset.php',
  'plugin_page' => 'tools_page_wp-reset',
  'plugin_file' => 'C:\\xampp\\htdocs\\iftheshoefitz\\wp-content\\plugins\\wp-reset\\wp-reset.php',
  'js_folder' => 'http://localhost/iftheshoefitz/wp-content/plugins/wp-reset//js/',
  'api_ver' => 'v1/',
  'valid_forever' => '2035-01-01',
  'unlimited_installs' => 99999,
  'debug' => true,
  'filesystem_initialized' => false,
)

[Tue, 23 Sep 2025 00:50:31 +0000] wpr: __construct
array (
  'prefix' => 'wpr',
  'licensing_servers' => 
  array (
    0 => 'https://dashboard.wpreset.com/api/',
  ),
  'version' => '2.05',
  'plugin_file' => 'C:\\xampp\\htdocs\\iftheshoefitz\\wp-content\\plugins\\wp-reset\\wp-reset.php',
  'plugin_page' => 'tools_page_wp-reset',
  'skip_hooks' => false,
  'debug' => true,
  'js_folder' => 'http://localhost/iftheshoefitz/wp-content/plugins/wp-reset//js/',
)
array (
  'prefix' => 'wpr',
  'licensing_servers' => 
  array (
    0 => 'https://dashboard.wpreset.com/api/',
  ),
  'version' => '2.05',
  'slug' => 'wp-reset',
  'basename' => 'wp-reset/wp-reset.php',
  'plugin_page' => 'tools_page_wp-reset',
  'plugin_file' => 'C:\\xampp\\htdocs\\iftheshoefitz\\wp-content\\plugins\\wp-reset\\wp-reset.php',
  'js_folder' => 'http://localhost/iftheshoefitz/wp-content/plugins/wp-reset//js/',
  'api_ver' => 'v1/',
  'valid_forever' => '2035-01-01',
  'unlimited_installs' => 99999,
  'debug' => true,
  'filesystem_initialized' => false,
)

[Tue, 23 Sep 2025 00:50:35 +0000] wpr: __construct
array (
  'prefix' => 'wpr',
  'licensing_servers' => 
  array (
    0 => 'https://dashboard.wpreset.com/api/',
  ),
  'version' => '2.05',
  'plugin_file' => 'C:\\xampp\\htdocs\\iftheshoefitz\\wp-content\\plugins\\wp-reset\\wp-reset.php',
  'plugin_page' => 'tools_page_wp-reset',
  'skip_hooks' => false,
  'debug' => true,
  'js_folder' => 'http://localhost/iftheshoefitz/wp-content/plugins/wp-reset//js/',
)
array (
  'prefix' => 'wpr',
  'licensing_servers' => 
  array (
    0 => 'https://dashboard.wpreset.com/api/',
  ),
  'version' => '2.05',
  'slug' => 'wp-reset',
  'basename' => 'wp-reset/wp-reset.php',
  'plugin_page' => 'tools_page_wp-reset',
  'plugin_file' => 'C:\\xampp\\htdocs\\iftheshoefitz\\wp-content\\plugins\\wp-reset\\wp-reset.php',
  'js_folder' => 'http://localhost/iftheshoefitz/wp-content/plugins/wp-reset//js/',
  'api_ver' => 'v1/',
  'valid_forever' => '2035-01-01',
  'unlimited_installs' => 99999,
  'debug' => true,
  'filesystem_initialized' => false,
)

[Tue, 23 Sep 2025 00:50:35 +0000] wpr: __construct
array (
  'prefix' => 'wpr',
  'licensing_servers' => 
  array (
    0 => 'https://dashboard.wpreset.com/api/',
  ),
  'version' => '2.05',
  'plugin_file' => 'C:\\xampp\\htdocs\\iftheshoefitz\\wp-content\\plugins\\wp-reset\\wp-reset.php',
  'plugin_page' => 'tools_page_wp-reset',
  'skip_hooks' => false,
  'debug' => true,
  'js_folder' => 'http://localhost/iftheshoefitz/wp-content/plugins/wp-reset//js/',
)
array (
  'prefix' => 'wpr',
  'licensing_servers' => 
  array (
    0 => 'https://dashboard.wpreset.com/api/',
  ),
  'version' => '2.05',
  'slug' => 'wp-reset',
  'basename' => 'wp-reset/wp-reset.php',
  'plugin_page' => 'tools_page_wp-reset',
  'plugin_file' => 'C:\\xampp\\htdocs\\iftheshoefitz\\wp-content\\plugins\\wp-reset\\wp-reset.php',
  'js_folder' => 'http://localhost/iftheshoefitz/wp-content/plugins/wp-reset//js/',
  'api_ver' => 'v1/',
  'valid_forever' => '2035-01-01',
  'unlimited_installs' => 99999,
  'debug' => true,
  'filesystem_initialized' => false,
)

[Tue, 23 Sep 2025 00:50:38 +0000] wpr: __construct
array (
  'prefix' => 'wpr',
  'licensing_servers' => 
  array (
    0 => 'https://dashboard.wpreset.com/api/',
  ),
  'version' => '2.05',
  'plugin_file' => 'C:\\xampp\\htdocs\\iftheshoefitz\\wp-content\\plugins\\wp-reset\\wp-reset.php',
  'plugin_page' => 'tools_page_wp-reset',
  'skip_hooks' => false,
  'debug' => true,
  'js_folder' => 'http://localhost/iftheshoefitz/wp-content/plugins/wp-reset//js/',
)
array (
  'prefix' => 'wpr',
  'licensing_servers' => 
  array (
    0 => 'https://dashboard.wpreset.com/api/',
  ),
  'version' => '2.05',
  'slug' => 'wp-reset',
  'basename' => 'wp-reset/wp-reset.php',
  'plugin_page' => 'tools_page_wp-reset',
  'plugin_file' => 'C:\\xampp\\htdocs\\iftheshoefitz\\wp-content\\plugins\\wp-reset\\wp-reset.php',
  'js_folder' => 'http://localhost/iftheshoefitz/wp-content/plugins/wp-reset//js/',
  'api_ver' => 'v1/',
  'valid_forever' => '2035-01-01',
  'unlimited_installs' => 99999,
  'debug' => true,
  'filesystem_initialized' => false,
)

[Tue, 23 Sep 2025 00:50:39 +0000] wpr: __construct
array (
  'prefix' => 'wpr',
  'licensing_servers' => 
  array (
    0 => 'https://dashboard.wpreset.com/api/',
  ),
  'version' => '2.05',
  'plugin_file' => 'C:\\xampp\\htdocs\\iftheshoefitz\\wp-content\\plugins\\wp-reset\\wp-reset.php',
  'plugin_page' => 'tools_page_wp-reset',
  'skip_hooks' => false,
  'debug' => true,
  'js_folder' => 'http://localhost/iftheshoefitz/wp-content/plugins/wp-reset//js/',
)
array (
  'prefix' => 'wpr',
  'licensing_servers' => 
  array (
    0 => 'https://dashboard.wpreset.com/api/',
  ),
  'version' => '2.05',
  'slug' => 'wp-reset',
  'basename' => 'wp-reset/wp-reset.php',
  'plugin_page' => 'tools_page_wp-reset',
  'plugin_file' => 'C:\\xampp\\htdocs\\iftheshoefitz\\wp-content\\plugins\\wp-reset\\wp-reset.php',
  'js_folder' => 'http://localhost/iftheshoefitz/wp-content/plugins/wp-reset//js/',
  'api_ver' => 'v1/',
  'valid_forever' => '2035-01-01',
  'unlimited_installs' => 99999,
  'debug' => true,
  'filesystem_initialized' => false,
)

[Tue, 23 Sep 2025 00:50:41 +0000] wpr: __construct
array (
  'prefix' => 'wpr',
  'licensing_servers' => 
  array (
    0 => 'https://dashboard.wpreset.com/api/',
  ),
  'version' => '2.05',
  'plugin_file' => 'C:\\xampp\\htdocs\\iftheshoefitz\\wp-content\\plugins\\wp-reset\\wp-reset.php',
  'plugin_page' => 'tools_page_wp-reset',
  'skip_hooks' => false,
  'debug' => true,
  'js_folder' => 'http://localhost/iftheshoefitz/wp-content/plugins/wp-reset//js/',
)
array (
  'prefix' => 'wpr',
  'licensing_servers' => 
  array (
    0 => 'https://dashboard.wpreset.com/api/',
  ),
  'version' => '2.05',
  'slug' => 'wp-reset',
  'basename' => 'wp-reset/wp-reset.php',
  'plugin_page' => 'tools_page_wp-reset',
  'plugin_file' => 'C:\\xampp\\htdocs\\iftheshoefitz\\wp-content\\plugins\\wp-reset\\wp-reset.php',
  'js_folder' => 'http://localhost/iftheshoefitz/wp-content/plugins/wp-reset//js/',
  'api_ver' => 'v1/',
  'valid_forever' => '2035-01-01',
  'unlimited_installs' => 99999,
  'debug' => true,
  'filesystem_initialized' => false,
)

[Tue, 23 Sep 2025 00:50:42 +0000] wpr: __construct
array (
  'prefix' => 'wpr',
  'licensing_servers' => 
  array (
    0 => 'https://dashboard.wpreset.com/api/',
  ),
  'version' => '2.05',
  'plugin_file' => 'C:\\xampp\\htdocs\\iftheshoefitz\\wp-content\\plugins\\wp-reset\\wp-reset.php',
  'plugin_page' => 'tools_page_wp-reset',
  'skip_hooks' => false,
  'debug' => true,
  'js_folder' => 'http://localhost/iftheshoefitz/wp-content/plugins/wp-reset//js/',
)
array (
  'prefix' => 'wpr',
  'licensing_servers' => 
  array (
    0 => 'https://dashboard.wpreset.com/api/',
  ),
  'version' => '2.05',
  'slug' => 'wp-reset',
  'basename' => 'wp-reset/wp-reset.php',
  'plugin_page' => 'tools_page_wp-reset',
  'plugin_file' => 'C:\\xampp\\htdocs\\iftheshoefitz\\wp-content\\plugins\\wp-reset\\wp-reset.php',
  'js_folder' => 'http://localhost/iftheshoefitz/wp-content/plugins/wp-reset//js/',
  'api_ver' => 'v1/',
  'valid_forever' => '2035-01-01',
  'unlimited_installs' => 99999,
  'debug' => true,
  'filesystem_initialized' => false,
)

[Tue, 23 Sep 2025 00:50:44 +0000] wpr: __construct
array (
  'prefix' => 'wpr',
  'licensing_servers' => 
  array (
    0 => 'https://dashboard.wpreset.com/api/',
  ),
  'version' => '2.05',
  'plugin_file' => 'C:\\xampp\\htdocs\\iftheshoefitz\\wp-content\\plugins\\wp-reset\\wp-reset.php',
  'plugin_page' => 'tools_page_wp-reset',
  'skip_hooks' => false,
  'debug' => true,
  'js_folder' => 'http://localhost/iftheshoefitz/wp-content/plugins/wp-reset//js/',
)
array (
  'prefix' => 'wpr',
  'licensing_servers' => 
  array (
    0 => 'https://dashboard.wpreset.com/api/',
  ),
  'version' => '2.05',
  'slug' => 'wp-reset',
  'basename' => 'wp-reset/wp-reset.php',
  'plugin_page' => 'tools_page_wp-reset',
  'plugin_file' => 'C:\\xampp\\htdocs\\iftheshoefitz\\wp-content\\plugins\\wp-reset\\wp-reset.php',
  'js_folder' => 'http://localhost/iftheshoefitz/wp-content/plugins/wp-reset//js/',
  'api_ver' => 'v1/',
  'valid_forever' => '2035-01-01',
  'unlimited_installs' => 99999,
  'debug' => true,
  'filesystem_initialized' => false,
)

[Tue, 23 Sep 2025 00:50:45 +0000] wpr: __construct
array (
  'prefix' => 'wpr',
  'licensing_servers' => 
  array (
    0 => 'https://dashboard.wpreset.com/api/',
  ),
  'version' => '2.05',
  'plugin_file' => 'C:\\xampp\\htdocs\\iftheshoefitz\\wp-content\\plugins\\wp-reset\\wp-reset.php',
  'plugin_page' => 'tools_page_wp-reset',
  'skip_hooks' => false,
  'debug' => true,
  'js_folder' => 'http://localhost/iftheshoefitz/wp-content/plugins/wp-reset//js/',
)
array (
  'prefix' => 'wpr',
  'licensing_servers' => 
  array (
    0 => 'https://dashboard.wpreset.com/api/',
  ),
  'version' => '2.05',
  'slug' => 'wp-reset',
  'basename' => 'wp-reset/wp-reset.php',
  'plugin_page' => 'tools_page_wp-reset',
  'plugin_file' => 'C:\\xampp\\htdocs\\iftheshoefitz\\wp-content\\plugins\\wp-reset\\wp-reset.php',
  'js_folder' => 'http://localhost/iftheshoefitz/wp-content/plugins/wp-reset//js/',
  'api_ver' => 'v1/',
  'valid_forever' => '2035-01-01',
  'unlimited_installs' => 99999,
  'debug' => true,
  'filesystem_initialized' => false,
)

[Tue, 23 Sep 2025 00:50:48 +0000] wpr: __construct
array (
  'prefix' => 'wpr',
  'licensing_servers' => 
  array (
    0 => 'https://dashboard.wpreset.com/api/',
  ),
  'version' => '2.05',
  'plugin_file' => 'C:\\xampp\\htdocs\\iftheshoefitz\\wp-content\\plugins\\wp-reset\\wp-reset.php',
  'plugin_page' => 'tools_page_wp-reset',
  'skip_hooks' => false,
  'debug' => true,
  'js_folder' => 'http://localhost/iftheshoefitz/wp-content/plugins/wp-reset//js/',
)
array (
  'prefix' => 'wpr',
  'licensing_servers' => 
  array (
    0 => 'https://dashboard.wpreset.com/api/',
  ),
  'version' => '2.05',
  'slug' => 'wp-reset',
  'basename' => 'wp-reset/wp-reset.php',
  'plugin_page' => 'tools_page_wp-reset',
  'plugin_file' => 'C:\\xampp\\htdocs\\iftheshoefitz\\wp-content\\plugins\\wp-reset\\wp-reset.php',
  'js_folder' => 'http://localhost/iftheshoefitz/wp-content/plugins/wp-reset//js/',
  'api_ver' => 'v1/',
  'valid_forever' => '2035-01-01',
  'unlimited_installs' => 99999,
  'debug' => true,
  'filesystem_initialized' => false,
)

[Tue, 23 Sep 2025 00:50:50 +0000] wpr: __construct
array (
  'prefix' => 'wpr',
  'licensing_servers' => 
  array (
    0 => 'https://dashboard.wpreset.com/api/',
  ),
  'version' => '2.05',
  'plugin_file' => 'C:\\xampp\\htdocs\\iftheshoefitz\\wp-content\\plugins\\wp-reset\\wp-reset.php',
  'plugin_page' => 'tools_page_wp-reset',
  'skip_hooks' => false,
  'debug' => true,
  'js_folder' => 'http://localhost/iftheshoefitz/wp-content/plugins/wp-reset//js/',
)
array (
  'prefix' => 'wpr',
  'licensing_servers' => 
  array (
    0 => 'https://dashboard.wpreset.com/api/',
  ),
  'version' => '2.05',
  'slug' => 'wp-reset',
  'basename' => 'wp-reset/wp-reset.php',
  'plugin_page' => 'tools_page_wp-reset',
  'plugin_file' => 'C:\\xampp\\htdocs\\iftheshoefitz\\wp-content\\plugins\\wp-reset\\wp-reset.php',
  'js_folder' => 'http://localhost/iftheshoefitz/wp-content/plugins/wp-reset//js/',
  'api_ver' => 'v1/',
  'valid_forever' => '2035-01-01',
  'unlimited_installs' => 99999,
  'debug' => true,
  'filesystem_initialized' => false,
)

[Tue, 23 Sep 2025 00:50:50 +0000] wpr: __construct
array (
  'prefix' => 'wpr',
  'licensing_servers' => 
  array (
    0 => 'https://dashboard.wpreset.com/api/',
  ),
  'version' => '2.05',
  'plugin_file' => 'C:\\xampp\\htdocs\\iftheshoefitz\\wp-content\\plugins\\wp-reset\\wp-reset.php',
  'plugin_page' => 'tools_page_wp-reset',
  'skip_hooks' => false,
  'debug' => true,
  'js_folder' => 'http://localhost/iftheshoefitz/wp-content/plugins/wp-reset//js/',
)
array (
  'prefix' => 'wpr',
  'licensing_servers' => 
  array (
    0 => 'https://dashboard.wpreset.com/api/',
  ),
  'version' => '2.05',
  'slug' => 'wp-reset',
  'basename' => 'wp-reset/wp-reset.php',
  'plugin_page' => 'tools_page_wp-reset',
  'plugin_file' => 'C:\\xampp\\htdocs\\iftheshoefitz\\wp-content\\plugins\\wp-reset\\wp-reset.php',
  'js_folder' => 'http://localhost/iftheshoefitz/wp-content/plugins/wp-reset//js/',
  'api_ver' => 'v1/',
  'valid_forever' => '2035-01-01',
  'unlimited_installs' => 99999,
  'debug' => true,
  'filesystem_initialized' => false,
)

[Tue, 23 Sep 2025 00:50:53 +0000] wpr: __construct
array (
  'prefix' => 'wpr',
  'licensing_servers' => 
  array (
    0 => 'https://dashboard.wpreset.com/api/',
  ),
  'version' => '2.05',
  'plugin_file' => 'C:\\xampp\\htdocs\\iftheshoefitz\\wp-content\\plugins\\wp-reset\\wp-reset.php',
  'plugin_page' => 'tools_page_wp-reset',
  'skip_hooks' => false,
  'debug' => true,
  'js_folder' => 'http://localhost/iftheshoefitz/wp-content/plugins/wp-reset//js/',
)
array (
  'prefix' => 'wpr',
  'licensing_servers' => 
  array (
    0 => 'https://dashboard.wpreset.com/api/',
  ),
  'version' => '2.05',
  'slug' => 'wp-reset',
  'basename' => 'wp-reset/wp-reset.php',
  'plugin_page' => 'tools_page_wp-reset',
  'plugin_file' => 'C:\\xampp\\htdocs\\iftheshoefitz\\wp-content\\plugins\\wp-reset\\wp-reset.php',
  'js_folder' => 'http://localhost/iftheshoefitz/wp-content/plugins/wp-reset//js/',
  'api_ver' => 'v1/',
  'valid_forever' => '2035-01-01',
  'unlimited_installs' => 99999,
  'debug' => true,
  'filesystem_initialized' => false,
)

[Tue, 23 Sep 2025 00:50:56 +0000] wpr: __construct
array (
  'prefix' => 'wpr',
  'licensing_servers' => 
  array (
    0 => 'https://dashboard.wpreset.com/api/',
  ),
  'version' => '2.05',
  'plugin_file' => 'C:\\xampp\\htdocs\\iftheshoefitz\\wp-content\\plugins\\wp-reset\\wp-reset.php',
  'plugin_page' => 'tools_page_wp-reset',
  'skip_hooks' => false,
  'debug' => true,
  'js_folder' => 'http://localhost/iftheshoefitz/wp-content/plugins/wp-reset//js/',
)
array (
  'prefix' => 'wpr',
  'licensing_servers' => 
  array (
    0 => 'https://dashboard.wpreset.com/api/',
  ),
  'version' => '2.05',
  'slug' => 'wp-reset',
  'basename' => 'wp-reset/wp-reset.php',
  'plugin_page' => 'tools_page_wp-reset',
  'plugin_file' => 'C:\\xampp\\htdocs\\iftheshoefitz\\wp-content\\plugins\\wp-reset\\wp-reset.php',
  'js_folder' => 'http://localhost/iftheshoefitz/wp-content/plugins/wp-reset//js/',
  'api_ver' => 'v1/',
  'valid_forever' => '2035-01-01',
  'unlimited_installs' => 99999,
  'debug' => true,
  'filesystem_initialized' => false,
)

[Tue, 23 Sep 2025 00:50:57 +0000] wpr: __construct
array (
  'prefix' => 'wpr',
  'licensing_servers' => 
  array (
    0 => 'https://dashboard.wpreset.com/api/',
  ),
  'version' => '2.05',
  'plugin_file' => 'C:\\xampp\\htdocs\\iftheshoefitz\\wp-content\\plugins\\wp-reset\\wp-reset.php',
  'plugin_page' => 'tools_page_wp-reset',
  'skip_hooks' => false,
  'debug' => true,
  'js_folder' => 'http://localhost/iftheshoefitz/wp-content/plugins/wp-reset//js/',
)
array (
  'prefix' => 'wpr',
  'licensing_servers' => 
  array (
    0 => 'https://dashboard.wpreset.com/api/',
  ),
  'version' => '2.05',
  'slug' => 'wp-reset',
  'basename' => 'wp-reset/wp-reset.php',
  'plugin_page' => 'tools_page_wp-reset',
  'plugin_file' => 'C:\\xampp\\htdocs\\iftheshoefitz\\wp-content\\plugins\\wp-reset\\wp-reset.php',
  'js_folder' => 'http://localhost/iftheshoefitz/wp-content/plugins/wp-reset//js/',
  'api_ver' => 'v1/',
  'valid_forever' => '2035-01-01',
  'unlimited_installs' => 99999,
  'debug' => true,
  'filesystem_initialized' => false,
)

[Tue, 23 Sep 2025 00:50:59 +0000] wpr: __construct
array (
  'prefix' => 'wpr',
  'licensing_servers' => 
  array (
    0 => 'https://dashboard.wpreset.com/api/',
  ),
  'version' => '2.05',
  'plugin_file' => 'C:\\xampp\\htdocs\\iftheshoefitz\\wp-content\\plugins\\wp-reset\\wp-reset.php',
  'plugin_page' => 'tools_page_wp-reset',
  'skip_hooks' => false,
  'debug' => true,
  'js_folder' => 'http://localhost/iftheshoefitz/wp-content/plugins/wp-reset//js/',
)
array (
  'prefix' => 'wpr',
  'licensing_servers' => 
  array (
    0 => 'https://dashboard.wpreset.com/api/',
  ),
  'version' => '2.05',
  'slug' => 'wp-reset',
  'basename' => 'wp-reset/wp-reset.php',
  'plugin_page' => 'tools_page_wp-reset',
  'plugin_file' => 'C:\\xampp\\htdocs\\iftheshoefitz\\wp-content\\plugins\\wp-reset\\wp-reset.php',
  'js_folder' => 'http://localhost/iftheshoefitz/wp-content/plugins/wp-reset//js/',
  'api_ver' => 'v1/',
  'valid_forever' => '2035-01-01',
  'unlimited_installs' => 99999,
  'debug' => true,
  'filesystem_initialized' => false,
)

[Tue, 23 Sep 2025 00:51:00 +0000] wpr: __construct
array (
  'prefix' => 'wpr',
  'licensing_servers' => 
  array (
    0 => 'https://dashboard.wpreset.com/api/',
  ),
  'version' => '2.05',
  'plugin_file' => 'C:\\xampp\\htdocs\\iftheshoefitz\\wp-content\\plugins\\wp-reset\\wp-reset.php',
  'plugin_page' => 'tools_page_wp-reset',
  'skip_hooks' => false,
  'debug' => true,
  'js_folder' => 'http://localhost/iftheshoefitz/wp-content/plugins/wp-reset//js/',
)
array (
  'prefix' => 'wpr',
  'licensing_servers' => 
  array (
    0 => 'https://dashboard.wpreset.com/api/',
  ),
  'version' => '2.05',
  'slug' => 'wp-reset',
  'basename' => 'wp-reset/wp-reset.php',
  'plugin_page' => 'tools_page_wp-reset',
  'plugin_file' => 'C:\\xampp\\htdocs\\iftheshoefitz\\wp-content\\plugins\\wp-reset\\wp-reset.php',
  'js_folder' => 'http://localhost/iftheshoefitz/wp-content/plugins/wp-reset//js/',
  'api_ver' => 'v1/',
  'valid_forever' => '2035-01-01',
  'unlimited_installs' => 99999,
  'debug' => true,
  'filesystem_initialized' => false,
)

[Tue, 23 Sep 2025 00:51:01 +0000] wpr: __construct
array (
  'prefix' => 'wpr',
  'licensing_servers' => 
  array (
    0 => 'https://dashboard.wpreset.com/api/',
  ),
  'version' => '2.05',
  'plugin_file' => 'C:\\xampp\\htdocs\\iftheshoefitz\\wp-content\\plugins\\wp-reset\\wp-reset.php',
  'plugin_page' => 'tools_page_wp-reset',
  'skip_hooks' => false,
  'debug' => true,
  'js_folder' => 'http://localhost/iftheshoefitz/wp-content/plugins/wp-reset//js/',
)
array (
  'prefix' => 'wpr',
  'licensing_servers' => 
  array (
    0 => 'https://dashboard.wpreset.com/api/',
  ),
  'version' => '2.05',
  'slug' => 'wp-reset',
  'basename' => 'wp-reset/wp-reset.php',
  'plugin_page' => 'tools_page_wp-reset',
  'plugin_file' => 'C:\\xampp\\htdocs\\iftheshoefitz\\wp-content\\plugins\\wp-reset\\wp-reset.php',
  'js_folder' => 'http://localhost/iftheshoefitz/wp-content/plugins/wp-reset//js/',
  'api_ver' => 'v1/',
  'valid_forever' => '2035-01-01',
  'unlimited_installs' => 99999,
  'debug' => true,
  'filesystem_initialized' => false,
)

[Tue, 23 Sep 2025 00:51:01 +0000] wpr: __construct
array (
  'prefix' => 'wpr',
  'licensing_servers' => 
  array (
    0 => 'https://dashboard.wpreset.com/api/',
  ),
  'version' => '2.05',
  'plugin_file' => 'C:\\xampp\\htdocs\\iftheshoefitz\\wp-content\\plugins\\wp-reset\\wp-reset.php',
  'plugin_page' => 'tools_page_wp-reset',
  'skip_hooks' => false,
  'debug' => true,
  'js_folder' => 'http://localhost/iftheshoefitz/wp-content/plugins/wp-reset//js/',
)
array (
  'prefix' => 'wpr',
  'licensing_servers' => 
  array (
    0 => 'https://dashboard.wpreset.com/api/',
  ),
  'version' => '2.05',
  'slug' => 'wp-reset',
  'basename' => 'wp-reset/wp-reset.php',
  'plugin_page' => 'tools_page_wp-reset',
  'plugin_file' => 'C:\\xampp\\htdocs\\iftheshoefitz\\wp-content\\plugins\\wp-reset\\wp-reset.php',
  'js_folder' => 'http://localhost/iftheshoefitz/wp-content/plugins/wp-reset//js/',
  'api_ver' => 'v1/',
  'valid_forever' => '2035-01-01',
  'unlimited_installs' => 99999,
  'debug' => true,
  'filesystem_initialized' => false,
)

[Tue, 23 Sep 2025 00:51:03 +0000] wpr: __construct
array (
  'prefix' => 'wpr',
  'licensing_servers' => 
  array (
    0 => 'https://dashboard.wpreset.com/api/',
  ),
  'version' => '2.05',
  'plugin_file' => 'C:\\xampp\\htdocs\\iftheshoefitz\\wp-content\\plugins\\wp-reset\\wp-reset.php',
  'plugin_page' => 'tools_page_wp-reset',
  'skip_hooks' => false,
  'debug' => true,
  'js_folder' => 'http://localhost/iftheshoefitz/wp-content/plugins/wp-reset//js/',
)
array (
  'prefix' => 'wpr',
  'licensing_servers' => 
  array (
    0 => 'https://dashboard.wpreset.com/api/',
  ),
  'version' => '2.05',
  'slug' => 'wp-reset',
  'basename' => 'wp-reset/wp-reset.php',
  'plugin_page' => 'tools_page_wp-reset',
  'plugin_file' => 'C:\\xampp\\htdocs\\iftheshoefitz\\wp-content\\plugins\\wp-reset\\wp-reset.php',
  'js_folder' => 'http://localhost/iftheshoefitz/wp-content/plugins/wp-reset//js/',
  'api_ver' => 'v1/',
  'valid_forever' => '2035-01-01',
  'unlimited_installs' => 99999,
  'debug' => true,
  'filesystem_initialized' => false,
)

[Tue, 23 Sep 2025 00:51:04 +0000] wpr: __construct
array (
  'prefix' => 'wpr',
  'licensing_servers' => 
  array (
    0 => 'https://dashboard.wpreset.com/api/',
  ),
  'version' => '2.05',
  'plugin_file' => 'C:\\xampp\\htdocs\\iftheshoefitz\\wp-content\\plugins\\wp-reset\\wp-reset.php',
  'plugin_page' => 'tools_page_wp-reset',
  'skip_hooks' => false,
  'debug' => true,
  'js_folder' => 'http://localhost/iftheshoefitz/wp-content/plugins/wp-reset//js/',
)
array (
  'prefix' => 'wpr',
  'licensing_servers' => 
  array (
    0 => 'https://dashboard.wpreset.com/api/',
  ),
  'version' => '2.05',
  'slug' => 'wp-reset',
  'basename' => 'wp-reset/wp-reset.php',
  'plugin_page' => 'tools_page_wp-reset',
  'plugin_file' => 'C:\\xampp\\htdocs\\iftheshoefitz\\wp-content\\plugins\\wp-reset\\wp-reset.php',
  'js_folder' => 'http://localhost/iftheshoefitz/wp-content/plugins/wp-reset//js/',
  'api_ver' => 'v1/',
  'valid_forever' => '2035-01-01',
  'unlimited_installs' => 99999,
  'debug' => true,
  'filesystem_initialized' => false,
)

[Tue, 23 Sep 2025 00:51:06 +0000] wpr: __construct
array (
  'prefix' => 'wpr',
  'licensing_servers' => 
  array (
    0 => 'https://dashboard.wpreset.com/api/',
  ),
  'version' => '2.05',
  'plugin_file' => 'C:\\xampp\\htdocs\\iftheshoefitz\\wp-content\\plugins\\wp-reset\\wp-reset.php',
  'plugin_page' => 'tools_page_wp-reset',
  'skip_hooks' => false,
  'debug' => true,
  'js_folder' => 'http://localhost/iftheshoefitz/wp-content/plugins/wp-reset//js/',
)
array (
  'prefix' => 'wpr',
  'licensing_servers' => 
  array (
    0 => 'https://dashboard.wpreset.com/api/',
  ),
  'version' => '2.05',
  'slug' => 'wp-reset',
  'basename' => 'wp-reset/wp-reset.php',
  'plugin_page' => 'tools_page_wp-reset',
  'plugin_file' => 'C:\\xampp\\htdocs\\iftheshoefitz\\wp-content\\plugins\\wp-reset\\wp-reset.php',
  'js_folder' => 'http://localhost/iftheshoefitz/wp-content/plugins/wp-reset//js/',
  'api_ver' => 'v1/',
  'valid_forever' => '2035-01-01',
  'unlimited_installs' => 99999,
  'debug' => true,
  'filesystem_initialized' => false,
)

[Tue, 23 Sep 2025 00:51:07 +0000] wpr: __construct
array (
  'prefix' => 'wpr',
  'licensing_servers' => 
  array (
    0 => 'https://dashboard.wpreset.com/api/',
  ),
  'version' => '2.05',
  'plugin_file' => 'C:\\xampp\\htdocs\\iftheshoefitz\\wp-content\\plugins\\wp-reset\\wp-reset.php',
  'plugin_page' => 'tools_page_wp-reset',
  'skip_hooks' => false,
  'debug' => true,
  'js_folder' => 'http://localhost/iftheshoefitz/wp-content/plugins/wp-reset//js/',
)
array (
  'prefix' => 'wpr',
  'licensing_servers' => 
  array (
    0 => 'https://dashboard.wpreset.com/api/',
  ),
  'version' => '2.05',
  'slug' => 'wp-reset',
  'basename' => 'wp-reset/wp-reset.php',
  'plugin_page' => 'tools_page_wp-reset',
  'plugin_file' => 'C:\\xampp\\htdocs\\iftheshoefitz\\wp-content\\plugins\\wp-reset\\wp-reset.php',
  'js_folder' => 'http://localhost/iftheshoefitz/wp-content/plugins/wp-reset//js/',
  'api_ver' => 'v1/',
  'valid_forever' => '2035-01-01',
  'unlimited_installs' => 99999,
  'debug' => true,
  'filesystem_initialized' => false,
)

[Tue, 23 Sep 2025 00:51:08 +0000] wpr: __construct
array (
  'prefix' => 'wpr',
  'licensing_servers' => 
  array (
    0 => 'https://dashboard.wpreset.com/api/',
  ),
  'version' => '2.05',
  'plugin_file' => 'C:\\xampp\\htdocs\\iftheshoefitz\\wp-content\\plugins\\wp-reset\\wp-reset.php',
  'plugin_page' => 'tools_page_wp-reset',
  'skip_hooks' => false,
  'debug' => true,
  'js_folder' => 'http://localhost/iftheshoefitz/wp-content/plugins/wp-reset//js/',
)
array (
  'prefix' => 'wpr',
  'licensing_servers' => 
  array (
    0 => 'https://dashboard.wpreset.com/api/',
  ),
  'version' => '2.05',
  'slug' => 'wp-reset',
  'basename' => 'wp-reset/wp-reset.php',
  'plugin_page' => 'tools_page_wp-reset',
  'plugin_file' => 'C:\\xampp\\htdocs\\iftheshoefitz\\wp-content\\plugins\\wp-reset\\wp-reset.php',
  'js_folder' => 'http://localhost/iftheshoefitz/wp-content/plugins/wp-reset//js/',
  'api_ver' => 'v1/',
  'valid_forever' => '2035-01-01',
  'unlimited_installs' => 99999,
  'debug' => true,
  'filesystem_initialized' => false,
)

[Tue, 23 Sep 2025 00:51:10 +0000] wpr: __construct
array (
  'prefix' => 'wpr',
  'licensing_servers' => 
  array (
    0 => 'https://dashboard.wpreset.com/api/',
  ),
  'version' => '2.05',
  'plugin_file' => 'C:\\xampp\\htdocs\\iftheshoefitz\\wp-content\\plugins\\wp-reset\\wp-reset.php',
  'plugin_page' => 'tools_page_wp-reset',
  'skip_hooks' => false,
  'debug' => true,
  'js_folder' => 'http://localhost/iftheshoefitz/wp-content/plugins/wp-reset//js/',
)
array (
  'prefix' => 'wpr',
  'licensing_servers' => 
  array (
    0 => 'https://dashboard.wpreset.com/api/',
  ),
  'version' => '2.05',
  'slug' => 'wp-reset',
  'basename' => 'wp-reset/wp-reset.php',
  'plugin_page' => 'tools_page_wp-reset',
  'plugin_file' => 'C:\\xampp\\htdocs\\iftheshoefitz\\wp-content\\plugins\\wp-reset\\wp-reset.php',
  'js_folder' => 'http://localhost/iftheshoefitz/wp-content/plugins/wp-reset//js/',
  'api_ver' => 'v1/',
  'valid_forever' => '2035-01-01',
  'unlimited_installs' => 99999,
  'debug' => true,
  'filesystem_initialized' => false,
)

[Tue, 23 Sep 2025 00:51:15 +0000] wpr: __construct
array (
  'prefix' => 'wpr',
  'licensing_servers' => 
  array (
    0 => 'https://dashboard.wpreset.com/api/',
  ),
  'version' => '2.05',
  'plugin_file' => 'C:\\xampp\\htdocs\\iftheshoefitz\\wp-content\\plugins\\wp-reset\\wp-reset.php',
  'plugin_page' => 'tools_page_wp-reset',
  'skip_hooks' => false,
  'debug' => true,
  'js_folder' => 'http://localhost/iftheshoefitz/wp-content/plugins/wp-reset//js/',
)
array (
  'prefix' => 'wpr',
  'licensing_servers' => 
  array (
    0 => 'https://dashboard.wpreset.com/api/',
  ),
  'version' => '2.05',
  'slug' => 'wp-reset',
  'basename' => 'wp-reset/wp-reset.php',
  'plugin_page' => 'tools_page_wp-reset',
  'plugin_file' => 'C:\\xampp\\htdocs\\iftheshoefitz\\wp-content\\plugins\\wp-reset\\wp-reset.php',
  'js_folder' => 'http://localhost/iftheshoefitz/wp-content/plugins/wp-reset//js/',
  'api_ver' => 'v1/',
  'valid_forever' => '2035-01-01',
  'unlimited_installs' => 99999,
  'debug' => true,
  'filesystem_initialized' => false,
)

[Tue, 23 Sep 2025 00:51:15 +0000] wpr: __construct
array (
  'prefix' => 'wpr',
  'licensing_servers' => 
  array (
    0 => 'https://dashboard.wpreset.com/api/',
  ),
  'version' => '2.05',
  'plugin_file' => 'C:\\xampp\\htdocs\\iftheshoefitz\\wp-content\\plugins\\wp-reset\\wp-reset.php',
  'plugin_page' => 'tools_page_wp-reset',
  'skip_hooks' => false,
  'debug' => true,
  'js_folder' => 'http://localhost/iftheshoefitz/wp-content/plugins/wp-reset//js/',
)
array (
  'prefix' => 'wpr',
  'licensing_servers' => 
  array (
    0 => 'https://dashboard.wpreset.com/api/',
  ),
  'version' => '2.05',
  'slug' => 'wp-reset',
  'basename' => 'wp-reset/wp-reset.php',
  'plugin_page' => 'tools_page_wp-reset',
  'plugin_file' => 'C:\\xampp\\htdocs\\iftheshoefitz\\wp-content\\plugins\\wp-reset\\wp-reset.php',
  'js_folder' => 'http://localhost/iftheshoefitz/wp-content/plugins/wp-reset//js/',
  'api_ver' => 'v1/',
  'valid_forever' => '2035-01-01',
  'unlimited_installs' => 99999,
  'debug' => true,
  'filesystem_initialized' => false,
)

[Tue, 23 Sep 2025 00:51:15 +0000] wpr: __construct
array (
  'prefix' => 'wpr',
  'licensing_servers' => 
  array (
    0 => 'https://dashboard.wpreset.com/api/',
  ),
  'version' => '2.05',
  'plugin_file' => 'C:\\xampp\\htdocs\\iftheshoefitz\\wp-content\\plugins\\wp-reset\\wp-reset.php',
  'plugin_page' => 'tools_page_wp-reset',
  'skip_hooks' => false,
  'debug' => true,
  'js_folder' => 'http://localhost/iftheshoefitz/wp-content/plugins/wp-reset//js/',
)
array (
  'prefix' => 'wpr',
  'licensing_servers' => 
  array (
    0 => 'https://dashboard.wpreset.com/api/',
  ),
  'version' => '2.05',
  'slug' => 'wp-reset',
  'basename' => 'wp-reset/wp-reset.php',
  'plugin_page' => 'tools_page_wp-reset',
  'plugin_file' => 'C:\\xampp\\htdocs\\iftheshoefitz\\wp-content\\plugins\\wp-reset\\wp-reset.php',
  'js_folder' => 'http://localhost/iftheshoefitz/wp-content/plugins/wp-reset//js/',
  'api_ver' => 'v1/',
  'valid_forever' => '2035-01-01',
  'unlimited_installs' => 99999,
  'debug' => true,
  'filesystem_initialized' => false,
)

[Tue, 23 Sep 2025 00:51:15 +0000] wpr: __construct
array (
  'prefix' => 'wpr',
  'licensing_servers' => 
  array (
    0 => 'https://dashboard.wpreset.com/api/',
  ),
  'version' => '2.05',
  'plugin_file' => 'C:\\xampp\\htdocs\\iftheshoefitz\\wp-content\\plugins\\wp-reset\\wp-reset.php',
  'plugin_page' => 'tools_page_wp-reset',
  'skip_hooks' => false,
  'debug' => true,
  'js_folder' => 'http://localhost/iftheshoefitz/wp-content/plugins/wp-reset//js/',
)
array (
  'prefix' => 'wpr',
  'licensing_servers' => 
  array (
    0 => 'https://dashboard.wpreset.com/api/',
  ),
  'version' => '2.05',
  'slug' => 'wp-reset',
  'basename' => 'wp-reset/wp-reset.php',
  'plugin_page' => 'tools_page_wp-reset',
  'plugin_file' => 'C:\\xampp\\htdocs\\iftheshoefitz\\wp-content\\plugins\\wp-reset\\wp-reset.php',
  'js_folder' => 'http://localhost/iftheshoefitz/wp-content/plugins/wp-reset//js/',
  'api_ver' => 'v1/',
  'valid_forever' => '2035-01-01',
  'unlimited_installs' => 99999,
  'debug' => true,
  'filesystem_initialized' => false,
)

[Tue, 23 Sep 2025 00:51:18 +0000] wpr: __construct
array (
  'prefix' => 'wpr',
  'licensing_servers' => 
  array (
    0 => 'https://dashboard.wpreset.com/api/',
  ),
  'version' => '2.05',
  'plugin_file' => 'C:\\xampp\\htdocs\\iftheshoefitz\\wp-content\\plugins\\wp-reset\\wp-reset.php',
  'plugin_page' => 'tools_page_wp-reset',
  'skip_hooks' => false,
  'debug' => true,
  'js_folder' => 'http://localhost/iftheshoefitz/wp-content/plugins/wp-reset//js/',
)
array (
  'prefix' => 'wpr',
  'licensing_servers' => 
  array (
    0 => 'https://dashboard.wpreset.com/api/',
  ),
  'version' => '2.05',
  'slug' => 'wp-reset',
  'basename' => 'wp-reset/wp-reset.php',
  'plugin_page' => 'tools_page_wp-reset',
  'plugin_file' => 'C:\\xampp\\htdocs\\iftheshoefitz\\wp-content\\plugins\\wp-reset\\wp-reset.php',
  'js_folder' => 'http://localhost/iftheshoefitz/wp-content/plugins/wp-reset//js/',
  'api_ver' => 'v1/',
  'valid_forever' => '2035-01-01',
  'unlimited_installs' => 99999,
  'debug' => true,
  'filesystem_initialized' => false,
)

[Tue, 23 Sep 2025 00:51:19 +0000] wpr: __construct
array (
  'prefix' => 'wpr',
  'licensing_servers' => 
  array (
    0 => 'https://dashboard.wpreset.com/api/',
  ),
  'version' => '2.05',
  'plugin_file' => 'C:\\xampp\\htdocs\\iftheshoefitz\\wp-content\\plugins\\wp-reset\\wp-reset.php',
  'plugin_page' => 'tools_page_wp-reset',
  'skip_hooks' => false,
  'debug' => true,
  'js_folder' => 'http://localhost/iftheshoefitz/wp-content/plugins/wp-reset//js/',
)
array (
  'prefix' => 'wpr',
  'licensing_servers' => 
  array (
    0 => 'https://dashboard.wpreset.com/api/',
  ),
  'version' => '2.05',
  'slug' => 'wp-reset',
  'basename' => 'wp-reset/wp-reset.php',
  'plugin_page' => 'tools_page_wp-reset',
  'plugin_file' => 'C:\\xampp\\htdocs\\iftheshoefitz\\wp-content\\plugins\\wp-reset\\wp-reset.php',
  'js_folder' => 'http://localhost/iftheshoefitz/wp-content/plugins/wp-reset//js/',
  'api_ver' => 'v1/',
  'valid_forever' => '2035-01-01',
  'unlimited_installs' => 99999,
  'debug' => true,
  'filesystem_initialized' => false,
)

[Tue, 23 Sep 2025 00:51:21 +0000] wpr: __construct
array (
  'prefix' => 'wpr',
  'licensing_servers' => 
  array (
    0 => 'https://dashboard.wpreset.com/api/',
  ),
  'version' => '2.05',
  'plugin_file' => 'C:\\xampp\\htdocs\\iftheshoefitz\\wp-content\\plugins\\wp-reset\\wp-reset.php',
  'plugin_page' => 'tools_page_wp-reset',
  'skip_hooks' => false,
  'debug' => true,
  'js_folder' => 'http://localhost/iftheshoefitz/wp-content/plugins/wp-reset//js/',
)
array (
  'prefix' => 'wpr',
  'licensing_servers' => 
  array (
    0 => 'https://dashboard.wpreset.com/api/',
  ),
  'version' => '2.05',
  'slug' => 'wp-reset',
  'basename' => 'wp-reset/wp-reset.php',
  'plugin_page' => 'tools_page_wp-reset',
  'plugin_file' => 'C:\\xampp\\htdocs\\iftheshoefitz\\wp-content\\plugins\\wp-reset\\wp-reset.php',
  'js_folder' => 'http://localhost/iftheshoefitz/wp-content/plugins/wp-reset//js/',
  'api_ver' => 'v1/',
  'valid_forever' => '2035-01-01',
  'unlimited_installs' => 99999,
  'debug' => true,
  'filesystem_initialized' => false,
)

[Tue, 23 Sep 2025 00:51:23 +0000] wpr: __construct
array (
  'prefix' => 'wpr',
  'licensing_servers' => 
  array (
    0 => 'https://dashboard.wpreset.com/api/',
  ),
  'version' => '2.05',
  'plugin_file' => 'C:\\xampp\\htdocs\\iftheshoefitz\\wp-content\\plugins\\wp-reset\\wp-reset.php',
  'plugin_page' => 'tools_page_wp-reset',
  'skip_hooks' => false,
  'debug' => true,
  'js_folder' => 'http://localhost/iftheshoefitz/wp-content/plugins/wp-reset//js/',
)
array (
  'prefix' => 'wpr',
  'licensing_servers' => 
  array (
    0 => 'https://dashboard.wpreset.com/api/',
  ),
  'version' => '2.05',
  'slug' => 'wp-reset',
  'basename' => 'wp-reset/wp-reset.php',
  'plugin_page' => 'tools_page_wp-reset',
  'plugin_file' => 'C:\\xampp\\htdocs\\iftheshoefitz\\wp-content\\plugins\\wp-reset\\wp-reset.php',
  'js_folder' => 'http://localhost/iftheshoefitz/wp-content/plugins/wp-reset//js/',
  'api_ver' => 'v1/',
  'valid_forever' => '2035-01-01',
  'unlimited_installs' => 99999,
  'debug' => true,
  'filesystem_initialized' => false,
)

[Tue, 23 Sep 2025 00:51:23 +0000] wpr: __construct
array (
  'prefix' => 'wpr',
  'licensing_servers' => 
  array (
    0 => 'https://dashboard.wpreset.com/api/',
  ),
  'version' => '2.05',
  'plugin_file' => 'C:\\xampp\\htdocs\\iftheshoefitz\\wp-content\\plugins\\wp-reset\\wp-reset.php',
  'plugin_page' => 'tools_page_wp-reset',
  'skip_hooks' => false,
  'debug' => true,
  'js_folder' => 'http://localhost/iftheshoefitz/wp-content/plugins/wp-reset//js/',
)
array (
  'prefix' => 'wpr',
  'licensing_servers' => 
  array (
    0 => 'https://dashboard.wpreset.com/api/',
  ),
  'version' => '2.05',
  'slug' => 'wp-reset',
  'basename' => 'wp-reset/wp-reset.php',
  'plugin_page' => 'tools_page_wp-reset',
  'plugin_file' => 'C:\\xampp\\htdocs\\iftheshoefitz\\wp-content\\plugins\\wp-reset\\wp-reset.php',
  'js_folder' => 'http://localhost/iftheshoefitz/wp-content/plugins/wp-reset//js/',
  'api_ver' => 'v1/',
  'valid_forever' => '2035-01-01',
  'unlimited_installs' => 99999,
  'debug' => true,
  'filesystem_initialized' => false,
)

[Tue, 23 Sep 2025 00:51:23 +0000] wpr: __construct
array (
  'prefix' => 'wpr',
  'licensing_servers' => 
  array (
    0 => 'https://dashboard.wpreset.com/api/',
  ),
  'version' => '2.05',
  'plugin_file' => 'C:\\xampp\\htdocs\\iftheshoefitz\\wp-content\\plugins\\wp-reset\\wp-reset.php',
  'plugin_page' => 'tools_page_wp-reset',
  'skip_hooks' => false,
  'debug' => true,
  'js_folder' => 'http://localhost/iftheshoefitz/wp-content/plugins/wp-reset//js/',
)
array (
  'prefix' => 'wpr',
  'licensing_servers' => 
  array (
    0 => 'https://dashboard.wpreset.com/api/',
  ),
  'version' => '2.05',
  'slug' => 'wp-reset',
  'basename' => 'wp-reset/wp-reset.php',
  'plugin_page' => 'tools_page_wp-reset',
  'plugin_file' => 'C:\\xampp\\htdocs\\iftheshoefitz\\wp-content\\plugins\\wp-reset\\wp-reset.php',
  'js_folder' => 'http://localhost/iftheshoefitz/wp-content/plugins/wp-reset//js/',
  'api_ver' => 'v1/',
  'valid_forever' => '2035-01-01',
  'unlimited_installs' => 99999,
  'debug' => true,
  'filesystem_initialized' => false,
)

[Tue, 23 Sep 2025 00:51:27 +0000] wpr: __construct
array (
  'prefix' => 'wpr',
  'licensing_servers' => 
  array (
    0 => 'https://dashboard.wpreset.com/api/',
  ),
  'version' => '2.05',
  'plugin_file' => 'C:\\xampp\\htdocs\\iftheshoefitz\\wp-content\\plugins\\wp-reset\\wp-reset.php',
  'plugin_page' => 'tools_page_wp-reset',
  'skip_hooks' => false,
  'debug' => true,
  'js_folder' => 'http://localhost/iftheshoefitz/wp-content/plugins/wp-reset//js/',
)
array (
  'prefix' => 'wpr',
  'licensing_servers' => 
  array (
    0 => 'https://dashboard.wpreset.com/api/',
  ),
  'version' => '2.05',
  'slug' => 'wp-reset',
  'basename' => 'wp-reset/wp-reset.php',
  'plugin_page' => 'tools_page_wp-reset',
  'plugin_file' => 'C:\\xampp\\htdocs\\iftheshoefitz\\wp-content\\plugins\\wp-reset\\wp-reset.php',
  'js_folder' => 'http://localhost/iftheshoefitz/wp-content/plugins/wp-reset//js/',
  'api_ver' => 'v1/',
  'valid_forever' => '2035-01-01',
  'unlimited_installs' => 99999,
  'debug' => true,
  'filesystem_initialized' => false,
)

[Tue, 23 Sep 2025 00:51:30 +0000] wpr: __construct
array (
  'prefix' => 'wpr',
  'licensing_servers' => 
  array (
    0 => 'https://dashboard.wpreset.com/api/',
  ),
  'version' => '2.05',
  'plugin_file' => 'C:\\xampp\\htdocs\\iftheshoefitz\\wp-content\\plugins\\wp-reset\\wp-reset.php',
  'plugin_page' => 'tools_page_wp-reset',
  'skip_hooks' => false,
  'debug' => true,
  'js_folder' => 'http://localhost/iftheshoefitz/wp-content/plugins/wp-reset//js/',
)
array (
  'prefix' => 'wpr',
  'licensing_servers' => 
  array (
    0 => 'https://dashboard.wpreset.com/api/',
  ),
  'version' => '2.05',
  'slug' => 'wp-reset',
  'basename' => 'wp-reset/wp-reset.php',
  'plugin_page' => 'tools_page_wp-reset',
  'plugin_file' => 'C:\\xampp\\htdocs\\iftheshoefitz\\wp-content\\plugins\\wp-reset\\wp-reset.php',
  'js_folder' => 'http://localhost/iftheshoefitz/wp-content/plugins/wp-reset//js/',
  'api_ver' => 'v1/',
  'valid_forever' => '2035-01-01',
  'unlimited_installs' => 99999,
  'debug' => true,
  'filesystem_initialized' => false,
)

[Tue, 23 Sep 2025 00:51:30 +0000] wpr: __construct
array (
  'prefix' => 'wpr',
  'licensing_servers' => 
  array (
    0 => 'https://dashboard.wpreset.com/api/',
  ),
  'version' => '2.05',
  'plugin_file' => 'C:\\xampp\\htdocs\\iftheshoefitz\\wp-content\\plugins\\wp-reset\\wp-reset.php',
  'plugin_page' => 'tools_page_wp-reset',
  'skip_hooks' => false,
  'debug' => true,
  'js_folder' => 'http://localhost/iftheshoefitz/wp-content/plugins/wp-reset//js/',
)
array (
  'prefix' => 'wpr',
  'licensing_servers' => 
  array (
    0 => 'https://dashboard.wpreset.com/api/',
  ),
  'version' => '2.05',
  'slug' => 'wp-reset',
  'basename' => 'wp-reset/wp-reset.php',
  'plugin_page' => 'tools_page_wp-reset',
  'plugin_file' => 'C:\\xampp\\htdocs\\iftheshoefitz\\wp-content\\plugins\\wp-reset\\wp-reset.php',
  'js_folder' => 'http://localhost/iftheshoefitz/wp-content/plugins/wp-reset//js/',
  'api_ver' => 'v1/',
  'valid_forever' => '2035-01-01',
  'unlimited_installs' => 99999,
  'debug' => true,
  'filesystem_initialized' => false,
)

[Tue, 23 Sep 2025 00:51:33 +0000] wpr: __construct
array (
  'prefix' => 'wpr',
  'licensing_servers' => 
  array (
    0 => 'https://dashboard.wpreset.com/api/',
  ),
  'version' => '2.05',
  'plugin_file' => 'C:\\xampp\\htdocs\\iftheshoefitz\\wp-content\\plugins\\wp-reset\\wp-reset.php',
  'plugin_page' => 'tools_page_wp-reset',
  'skip_hooks' => false,
  'debug' => true,
  'js_folder' => 'http://localhost/iftheshoefitz/wp-content/plugins/wp-reset//js/',
)
array (
  'prefix' => 'wpr',
  'licensing_servers' => 
  array (
    0 => 'https://dashboard.wpreset.com/api/',
  ),
  'version' => '2.05',
  'slug' => 'wp-reset',
  'basename' => 'wp-reset/wp-reset.php',
  'plugin_page' => 'tools_page_wp-reset',
  'plugin_file' => 'C:\\xampp\\htdocs\\iftheshoefitz\\wp-content\\plugins\\wp-reset\\wp-reset.php',
  'js_folder' => 'http://localhost/iftheshoefitz/wp-content/plugins/wp-reset//js/',
  'api_ver' => 'v1/',
  'valid_forever' => '2035-01-01',
  'unlimited_installs' => 99999,
  'debug' => true,
  'filesystem_initialized' => false,
)

[Tue, 23 Sep 2025 00:51:33 +0000] wpr: __construct
array (
  'prefix' => 'wpr',
  'licensing_servers' => 
  array (
    0 => 'https://dashboard.wpreset.com/api/',
  ),
  'version' => '2.05',
  'plugin_file' => 'C:\\xampp\\htdocs\\iftheshoefitz\\wp-content\\plugins\\wp-reset\\wp-reset.php',
  'plugin_page' => 'tools_page_wp-reset',
  'skip_hooks' => false,
  'debug' => true,
  'js_folder' => 'http://localhost/iftheshoefitz/wp-content/plugins/wp-reset//js/',
)
array (
  'prefix' => 'wpr',
  'licensing_servers' => 
  array (
    0 => 'https://dashboard.wpreset.com/api/',
  ),
  'version' => '2.05',
  'slug' => 'wp-reset',
  'basename' => 'wp-reset/wp-reset.php',
  'plugin_page' => 'tools_page_wp-reset',
  'plugin_file' => 'C:\\xampp\\htdocs\\iftheshoefitz\\wp-content\\plugins\\wp-reset\\wp-reset.php',
  'js_folder' => 'http://localhost/iftheshoefitz/wp-content/plugins/wp-reset//js/',
  'api_ver' => 'v1/',
  'valid_forever' => '2035-01-01',
  'unlimited_installs' => 99999,
  'debug' => true,
  'filesystem_initialized' => false,
)

[Tue, 23 Sep 2025 00:51:36 +0000] wpr: __construct
array (
  'prefix' => 'wpr',
  'licensing_servers' => 
  array (
    0 => 'https://dashboard.wpreset.com/api/',
  ),
  'version' => '2.05',
  'plugin_file' => 'C:\\xampp\\htdocs\\iftheshoefitz\\wp-content\\plugins\\wp-reset\\wp-reset.php',
  'plugin_page' => 'tools_page_wp-reset',
  'skip_hooks' => false,
  'debug' => true,
  'js_folder' => 'http://localhost/iftheshoefitz/wp-content/plugins/wp-reset//js/',
)
array (
  'prefix' => 'wpr',
  'licensing_servers' => 
  array (
    0 => 'https://dashboard.wpreset.com/api/',
  ),
  'version' => '2.05',
  'slug' => 'wp-reset',
  'basename' => 'wp-reset/wp-reset.php',
  'plugin_page' => 'tools_page_wp-reset',
  'plugin_file' => 'C:\\xampp\\htdocs\\iftheshoefitz\\wp-content\\plugins\\wp-reset\\wp-reset.php',
  'js_folder' => 'http://localhost/iftheshoefitz/wp-content/plugins/wp-reset//js/',
  'api_ver' => 'v1/',
  'valid_forever' => '2035-01-01',
  'unlimited_installs' => 99999,
  'debug' => true,
  'filesystem_initialized' => false,
)

[Tue, 23 Sep 2025 00:51:38 +0000] wpr: __construct
array (
  'prefix' => 'wpr',
  'licensing_servers' => 
  array (
    0 => 'https://dashboard.wpreset.com/api/',
  ),
  'version' => '2.05',
  'plugin_file' => 'C:\\xampp\\htdocs\\iftheshoefitz\\wp-content\\plugins\\wp-reset\\wp-reset.php',
  'plugin_page' => 'tools_page_wp-reset',
  'skip_hooks' => false,
  'debug' => true,
  'js_folder' => 'http://localhost/iftheshoefitz/wp-content/plugins/wp-reset//js/',
)
array (
  'prefix' => 'wpr',
  'licensing_servers' => 
  array (
    0 => 'https://dashboard.wpreset.com/api/',
  ),
  'version' => '2.05',
  'slug' => 'wp-reset',
  'basename' => 'wp-reset/wp-reset.php',
  'plugin_page' => 'tools_page_wp-reset',
  'plugin_file' => 'C:\\xampp\\htdocs\\iftheshoefitz\\wp-content\\plugins\\wp-reset\\wp-reset.php',
  'js_folder' => 'http://localhost/iftheshoefitz/wp-content/plugins/wp-reset//js/',
  'api_ver' => 'v1/',
  'valid_forever' => '2035-01-01',
  'unlimited_installs' => 99999,
  'debug' => true,
  'filesystem_initialized' => false,
)

[Tue, 23 Sep 2025 00:51:40 +0000] wpr: __construct
array (
  'prefix' => 'wpr',
  'licensing_servers' => 
  array (
    0 => 'https://dashboard.wpreset.com/api/',
  ),
  'version' => '2.05',
  'plugin_file' => 'C:\\xampp\\htdocs\\iftheshoefitz\\wp-content\\plugins\\wp-reset\\wp-reset.php',
  'plugin_page' => 'tools_page_wp-reset',
  'skip_hooks' => false,
  'debug' => true,
  'js_folder' => 'http://localhost/iftheshoefitz/wp-content/plugins/wp-reset//js/',
)
array (
  'prefix' => 'wpr',
  'licensing_servers' => 
  array (
    0 => 'https://dashboard.wpreset.com/api/',
  ),
  'version' => '2.05',
  'slug' => 'wp-reset',
  'basename' => 'wp-reset/wp-reset.php',
  'plugin_page' => 'tools_page_wp-reset',
  'plugin_file' => 'C:\\xampp\\htdocs\\iftheshoefitz\\wp-content\\plugins\\wp-reset\\wp-reset.php',
  'js_folder' => 'http://localhost/iftheshoefitz/wp-content/plugins/wp-reset//js/',
  'api_ver' => 'v1/',
  'valid_forever' => '2035-01-01',
  'unlimited_installs' => 99999,
  'debug' => true,
  'filesystem_initialized' => false,
)

[Tue, 23 Sep 2025 00:51:41 +0000] wpr: __construct
array (
  'prefix' => 'wpr',
  'licensing_servers' => 
  array (
    0 => 'https://dashboard.wpreset.com/api/',
  ),
  'version' => '2.05',
  'plugin_file' => 'C:\\xampp\\htdocs\\iftheshoefitz\\wp-content\\plugins\\wp-reset\\wp-reset.php',
  'plugin_page' => 'tools_page_wp-reset',
  'skip_hooks' => false,
  'debug' => true,
  'js_folder' => 'http://localhost/iftheshoefitz/wp-content/plugins/wp-reset//js/',
)
array (
  'prefix' => 'wpr',
  'licensing_servers' => 
  array (
    0 => 'https://dashboard.wpreset.com/api/',
  ),
  'version' => '2.05',
  'slug' => 'wp-reset',
  'basename' => 'wp-reset/wp-reset.php',
  'plugin_page' => 'tools_page_wp-reset',
  'plugin_file' => 'C:\\xampp\\htdocs\\iftheshoefitz\\wp-content\\plugins\\wp-reset\\wp-reset.php',
  'js_folder' => 'http://localhost/iftheshoefitz/wp-content/plugins/wp-reset//js/',
  'api_ver' => 'v1/',
  'valid_forever' => '2035-01-01',
  'unlimited_installs' => 99999,
  'debug' => true,
  'filesystem_initialized' => false,
)

[Tue, 23 Sep 2025 00:51:43 +0000] wpr: __construct
array (
  'prefix' => 'wpr',
  'licensing_servers' => 
  array (
    0 => 'https://dashboard.wpreset.com/api/',
  ),
  'version' => '2.05',
  'plugin_file' => 'C:\\xampp\\htdocs\\iftheshoefitz\\wp-content\\plugins\\wp-reset\\wp-reset.php',
  'plugin_page' => 'tools_page_wp-reset',
  'skip_hooks' => false,
  'debug' => true,
  'js_folder' => 'http://localhost/iftheshoefitz/wp-content/plugins/wp-reset//js/',
)
array (
  'prefix' => 'wpr',
  'licensing_servers' => 
  array (
    0 => 'https://dashboard.wpreset.com/api/',
  ),
  'version' => '2.05',
  'slug' => 'wp-reset',
  'basename' => 'wp-reset/wp-reset.php',
  'plugin_page' => 'tools_page_wp-reset',
  'plugin_file' => 'C:\\xampp\\htdocs\\iftheshoefitz\\wp-content\\plugins\\wp-reset\\wp-reset.php',
  'js_folder' => 'http://localhost/iftheshoefitz/wp-content/plugins/wp-reset//js/',
  'api_ver' => 'v1/',
  'valid_forever' => '2035-01-01',
  'unlimited_installs' => 99999,
  'debug' => true,
  'filesystem_initialized' => false,
)

[Tue, 23 Sep 2025 00:51:44 +0000] wpr: __construct
array (
  'prefix' => 'wpr',
  'licensing_servers' => 
  array (
    0 => 'https://dashboard.wpreset.com/api/',
  ),
  'version' => '2.05',
  'plugin_file' => 'C:\\xampp\\htdocs\\iftheshoefitz\\wp-content\\plugins\\wp-reset\\wp-reset.php',
  'plugin_page' => 'tools_page_wp-reset',
  'skip_hooks' => false,
  'debug' => true,
  'js_folder' => 'http://localhost/iftheshoefitz/wp-content/plugins/wp-reset//js/',
)
array (
  'prefix' => 'wpr',
  'licensing_servers' => 
  array (
    0 => 'https://dashboard.wpreset.com/api/',
  ),
  'version' => '2.05',
  'slug' => 'wp-reset',
  'basename' => 'wp-reset/wp-reset.php',
  'plugin_page' => 'tools_page_wp-reset',
  'plugin_file' => 'C:\\xampp\\htdocs\\iftheshoefitz\\wp-content\\plugins\\wp-reset\\wp-reset.php',
  'js_folder' => 'http://localhost/iftheshoefitz/wp-content/plugins/wp-reset//js/',
  'api_ver' => 'v1/',
  'valid_forever' => '2035-01-01',
  'unlimited_installs' => 99999,
  'debug' => true,
  'filesystem_initialized' => false,
)

[Tue, 23 Sep 2025 00:51:46 +0000] wpr: __construct
array (
  'prefix' => 'wpr',
  'licensing_servers' => 
  array (
    0 => 'https://dashboard.wpreset.com/api/',
  ),
  'version' => '2.05',
  'plugin_file' => 'C:\\xampp\\htdocs\\iftheshoefitz\\wp-content\\plugins\\wp-reset\\wp-reset.php',
  'plugin_page' => 'tools_page_wp-reset',
  'skip_hooks' => false,
  'debug' => true,
  'js_folder' => 'http://localhost/iftheshoefitz/wp-content/plugins/wp-reset//js/',
)
array (
  'prefix' => 'wpr',
  'licensing_servers' => 
  array (
    0 => 'https://dashboard.wpreset.com/api/',
  ),
  'version' => '2.05',
  'slug' => 'wp-reset',
  'basename' => 'wp-reset/wp-reset.php',
  'plugin_page' => 'tools_page_wp-reset',
  'plugin_file' => 'C:\\xampp\\htdocs\\iftheshoefitz\\wp-content\\plugins\\wp-reset\\wp-reset.php',
  'js_folder' => 'http://localhost/iftheshoefitz/wp-content/plugins/wp-reset//js/',
  'api_ver' => 'v1/',
  'valid_forever' => '2035-01-01',
  'unlimited_installs' => 99999,
  'debug' => true,
  'filesystem_initialized' => false,
)

[Tue, 23 Sep 2025 00:51:47 +0000] wpr: __construct
array (
  'prefix' => 'wpr',
  'licensing_servers' => 
  array (
    0 => 'https://dashboard.wpreset.com/api/',
  ),
  'version' => '2.05',
  'plugin_file' => 'C:\\xampp\\htdocs\\iftheshoefitz\\wp-content\\plugins\\wp-reset\\wp-reset.php',
  'plugin_page' => 'tools_page_wp-reset',
  'skip_hooks' => false,
  'debug' => true,
  'js_folder' => 'http://localhost/iftheshoefitz/wp-content/plugins/wp-reset//js/',
)
array (
  'prefix' => 'wpr',
  'licensing_servers' => 
  array (
    0 => 'https://dashboard.wpreset.com/api/',
  ),
  'version' => '2.05',
  'slug' => 'wp-reset',
  'basename' => 'wp-reset/wp-reset.php',
  'plugin_page' => 'tools_page_wp-reset',
  'plugin_file' => 'C:\\xampp\\htdocs\\iftheshoefitz\\wp-content\\plugins\\wp-reset\\wp-reset.php',
  'js_folder' => 'http://localhost/iftheshoefitz/wp-content/plugins/wp-reset//js/',
  'api_ver' => 'v1/',
  'valid_forever' => '2035-01-01',
  'unlimited_installs' => 99999,
  'debug' => true,
  'filesystem_initialized' => false,
)

[Tue, 23 Sep 2025 00:51:48 +0000] wpr: __construct
array (
  'prefix' => 'wpr',
  'licensing_servers' => 
  array (
    0 => 'https://dashboard.wpreset.com/api/',
  ),
  'version' => '2.05',
  'plugin_file' => 'C:\\xampp\\htdocs\\iftheshoefitz\\wp-content\\plugins\\wp-reset\\wp-reset.php',
  'plugin_page' => 'tools_page_wp-reset',
  'skip_hooks' => false,
  'debug' => true,
  'js_folder' => 'http://localhost/iftheshoefitz/wp-content/plugins/wp-reset//js/',
)
array (
  'prefix' => 'wpr',
  'licensing_servers' => 
  array (
    0 => 'https://dashboard.wpreset.com/api/',
  ),
  'version' => '2.05',
  'slug' => 'wp-reset',
  'basename' => 'wp-reset/wp-reset.php',
  'plugin_page' => 'tools_page_wp-reset',
  'plugin_file' => 'C:\\xampp\\htdocs\\iftheshoefitz\\wp-content\\plugins\\wp-reset\\wp-reset.php',
  'js_folder' => 'http://localhost/iftheshoefitz/wp-content/plugins/wp-reset//js/',
  'api_ver' => 'v1/',
  'valid_forever' => '2035-01-01',
  'unlimited_installs' => 99999,
  'debug' => true,
  'filesystem_initialized' => false,
)

[Tue, 23 Sep 2025 00:51:50 +0000] wpr: __construct
array (
  'prefix' => 'wpr',
  'licensing_servers' => 
  array (
    0 => 'https://dashboard.wpreset.com/api/',
  ),
  'version' => '2.05',
  'plugin_file' => 'C:\\xampp\\htdocs\\iftheshoefitz\\wp-content\\plugins\\wp-reset\\wp-reset.php',
  'plugin_page' => 'tools_page_wp-reset',
  'skip_hooks' => false,
  'debug' => true,
  'js_folder' => 'http://localhost/iftheshoefitz/wp-content/plugins/wp-reset//js/',
)
array (
  'prefix' => 'wpr',
  'licensing_servers' => 
  array (
    0 => 'https://dashboard.wpreset.com/api/',
  ),
  'version' => '2.05',
  'slug' => 'wp-reset',
  'basename' => 'wp-reset/wp-reset.php',
  'plugin_page' => 'tools_page_wp-reset',
  'plugin_file' => 'C:\\xampp\\htdocs\\iftheshoefitz\\wp-content\\plugins\\wp-reset\\wp-reset.php',
  'js_folder' => 'http://localhost/iftheshoefitz/wp-content/plugins/wp-reset//js/',
  'api_ver' => 'v1/',
  'valid_forever' => '2035-01-01',
  'unlimited_installs' => 99999,
  'debug' => true,
  'filesystem_initialized' => false,
)

[Tue, 23 Sep 2025 00:51:52 +0000] wpr: __construct
array (
  'prefix' => 'wpr',
  'licensing_servers' => 
  array (
    0 => 'https://dashboard.wpreset.com/api/',
  ),
  'version' => '2.05',
  'plugin_file' => 'C:\\xampp\\htdocs\\iftheshoefitz\\wp-content\\plugins\\wp-reset\\wp-reset.php',
  'plugin_page' => 'tools_page_wp-reset',
  'skip_hooks' => false,
  'debug' => true,
  'js_folder' => 'http://localhost/iftheshoefitz/wp-content/plugins/wp-reset//js/',
)
array (
  'prefix' => 'wpr',
  'licensing_servers' => 
  array (
    0 => 'https://dashboard.wpreset.com/api/',
  ),
  'version' => '2.05',
  'slug' => 'wp-reset',
  'basename' => 'wp-reset/wp-reset.php',
  'plugin_page' => 'tools_page_wp-reset',
  'plugin_file' => 'C:\\xampp\\htdocs\\iftheshoefitz\\wp-content\\plugins\\wp-reset\\wp-reset.php',
  'js_folder' => 'http://localhost/iftheshoefitz/wp-content/plugins/wp-reset//js/',
  'api_ver' => 'v1/',
  'valid_forever' => '2035-01-01',
  'unlimited_installs' => 99999,
  'debug' => true,
  'filesystem_initialized' => false,
)

[Tue, 23 Sep 2025 00:51:53 +0000] wpr: __construct
array (
  'prefix' => 'wpr',
  'licensing_servers' => 
  array (
    0 => 'https://dashboard.wpreset.com/api/',
  ),
  'version' => '2.05',
  'plugin_file' => 'C:\\xampp\\htdocs\\iftheshoefitz\\wp-content\\plugins\\wp-reset\\wp-reset.php',
  'plugin_page' => 'tools_page_wp-reset',
  'skip_hooks' => false,
  'debug' => true,
  'js_folder' => 'http://localhost/iftheshoefitz/wp-content/plugins/wp-reset//js/',
)
array (
  'prefix' => 'wpr',
  'licensing_servers' => 
  array (
    0 => 'https://dashboard.wpreset.com/api/',
  ),
  'version' => '2.05',
  'slug' => 'wp-reset',
  'basename' => 'wp-reset/wp-reset.php',
  'plugin_page' => 'tools_page_wp-reset',
  'plugin_file' => 'C:\\xampp\\htdocs\\iftheshoefitz\\wp-content\\plugins\\wp-reset\\wp-reset.php',
  'js_folder' => 'http://localhost/iftheshoefitz/wp-content/plugins/wp-reset//js/',
  'api_ver' => 'v1/',
  'valid_forever' => '2035-01-01',
  'unlimited_installs' => 99999,
  'debug' => true,
  'filesystem_initialized' => false,
)

[Tue, 23 Sep 2025 00:51:56 +0000] wpr: __construct
array (
  'prefix' => 'wpr',
  'licensing_servers' => 
  array (
    0 => 'https://dashboard.wpreset.com/api/',
  ),
  'version' => '2.05',
  'plugin_file' => 'C:\\xampp\\htdocs\\iftheshoefitz\\wp-content\\plugins\\wp-reset\\wp-reset.php',
  'plugin_page' => 'tools_page_wp-reset',
  'skip_hooks' => false,
  'debug' => true,
  'js_folder' => 'http://localhost/iftheshoefitz/wp-content/plugins/wp-reset//js/',
)
array (
  'prefix' => 'wpr',
  'licensing_servers' => 
  array (
    0 => 'https://dashboard.wpreset.com/api/',
  ),
  'version' => '2.05',
  'slug' => 'wp-reset',
  'basename' => 'wp-reset/wp-reset.php',
  'plugin_page' => 'tools_page_wp-reset',
  'plugin_file' => 'C:\\xampp\\htdocs\\iftheshoefitz\\wp-content\\plugins\\wp-reset\\wp-reset.php',
  'js_folder' => 'http://localhost/iftheshoefitz/wp-content/plugins/wp-reset//js/',
  'api_ver' => 'v1/',
  'valid_forever' => '2035-01-01',
  'unlimited_installs' => 99999,
  'debug' => true,
  'filesystem_initialized' => false,
)

[Tue, 23 Sep 2025 00:51:58 +0000] wpr: __construct
array (
  'prefix' => 'wpr',
  'licensing_servers' => 
  array (
    0 => 'https://dashboard.wpreset.com/api/',
  ),
  'version' => '2.05',
  'plugin_file' => 'C:\\xampp\\htdocs\\iftheshoefitz\\wp-content\\plugins\\wp-reset\\wp-reset.php',
  'plugin_page' => 'tools_page_wp-reset',
  'skip_hooks' => false,
  'debug' => true,
  'js_folder' => 'http://localhost/iftheshoefitz/wp-content/plugins/wp-reset//js/',
)
array (
  'prefix' => 'wpr',
  'licensing_servers' => 
  array (
    0 => 'https://dashboard.wpreset.com/api/',
  ),
  'version' => '2.05',
  'slug' => 'wp-reset',
  'basename' => 'wp-reset/wp-reset.php',
  'plugin_page' => 'tools_page_wp-reset',
  'plugin_file' => 'C:\\xampp\\htdocs\\iftheshoefitz\\wp-content\\plugins\\wp-reset\\wp-reset.php',
  'js_folder' => 'http://localhost/iftheshoefitz/wp-content/plugins/wp-reset//js/',
  'api_ver' => 'v1/',
  'valid_forever' => '2035-01-01',
  'unlimited_installs' => 99999,
  'debug' => true,
  'filesystem_initialized' => false,
)

[Tue, 23 Sep 2025 00:51:59 +0000] wpr: __construct
array (
  'prefix' => 'wpr',
  'licensing_servers' => 
  array (
    0 => 'https://dashboard.wpreset.com/api/',
  ),
  'version' => '2.05',
  'plugin_file' => 'C:\\xampp\\htdocs\\iftheshoefitz\\wp-content\\plugins\\wp-reset\\wp-reset.php',
  'plugin_page' => 'tools_page_wp-reset',
  'skip_hooks' => false,
  'debug' => true,
  'js_folder' => 'http://localhost/iftheshoefitz/wp-content/plugins/wp-reset//js/',
)
array (
  'prefix' => 'wpr',
  'licensing_servers' => 
  array (
    0 => 'https://dashboard.wpreset.com/api/',
  ),
  'version' => '2.05',
  'slug' => 'wp-reset',
  'basename' => 'wp-reset/wp-reset.php',
  'plugin_page' => 'tools_page_wp-reset',
  'plugin_file' => 'C:\\xampp\\htdocs\\iftheshoefitz\\wp-content\\plugins\\wp-reset\\wp-reset.php',
  'js_folder' => 'http://localhost/iftheshoefitz/wp-content/plugins/wp-reset//js/',
  'api_ver' => 'v1/',
  'valid_forever' => '2035-01-01',
  'unlimited_installs' => 99999,
  'debug' => true,
  'filesystem_initialized' => false,
)

[Tue, 23 Sep 2025 00:51:59 +0000] wpr: __construct
array (
  'prefix' => 'wpr',
  'licensing_servers' => 
  array (
    0 => 'https://dashboard.wpreset.com/api/',
  ),
  'version' => '2.05',
  'plugin_file' => 'C:\\xampp\\htdocs\\iftheshoefitz\\wp-content\\plugins\\wp-reset\\wp-reset.php',
  'plugin_page' => 'tools_page_wp-reset',
  'skip_hooks' => false,
  'debug' => true,
  'js_folder' => 'http://localhost/iftheshoefitz/wp-content/plugins/wp-reset//js/',
)
array (
  'prefix' => 'wpr',
  'licensing_servers' => 
  array (
    0 => 'https://dashboard.wpreset.com/api/',
  ),
  'version' => '2.05',
  'slug' => 'wp-reset',
  'basename' => 'wp-reset/wp-reset.php',
  'plugin_page' => 'tools_page_wp-reset',
  'plugin_file' => 'C:\\xampp\\htdocs\\iftheshoefitz\\wp-content\\plugins\\wp-reset\\wp-reset.php',
  'js_folder' => 'http://localhost/iftheshoefitz/wp-content/plugins/wp-reset//js/',
  'api_ver' => 'v1/',
  'valid_forever' => '2035-01-01',
  'unlimited_installs' => 99999,
  'debug' => true,
  'filesystem_initialized' => false,
)

[Tue, 23 Sep 2025 00:52:03 +0000] wpr: __construct
array (
  'prefix' => 'wpr',
  'licensing_servers' => 
  array (
    0 => 'https://dashboard.wpreset.com/api/',
  ),
  'version' => '2.05',
  'plugin_file' => 'C:\\xampp\\htdocs\\iftheshoefitz\\wp-content\\plugins\\wp-reset\\wp-reset.php',
  'plugin_page' => 'tools_page_wp-reset',
  'skip_hooks' => false,
  'debug' => true,
  'js_folder' => 'http://localhost/iftheshoefitz/wp-content/plugins/wp-reset//js/',
)
array (
  'prefix' => 'wpr',
  'licensing_servers' => 
  array (
    0 => 'https://dashboard.wpreset.com/api/',
  ),
  'version' => '2.05',
  'slug' => 'wp-reset',
  'basename' => 'wp-reset/wp-reset.php',
  'plugin_page' => 'tools_page_wp-reset',
  'plugin_file' => 'C:\\xampp\\htdocs\\iftheshoefitz\\wp-content\\plugins\\wp-reset\\wp-reset.php',
  'js_folder' => 'http://localhost/iftheshoefitz/wp-content/plugins/wp-reset//js/',
  'api_ver' => 'v1/',
  'valid_forever' => '2035-01-01',
  'unlimited_installs' => 99999,
  'debug' => true,
  'filesystem_initialized' => false,
)

[Tue, 23 Sep 2025 00:52:03 +0000] wpr: __construct
array (
  'prefix' => 'wpr',
  'licensing_servers' => 
  array (
    0 => 'https://dashboard.wpreset.com/api/',
  ),
  'version' => '2.05',
  'plugin_file' => 'C:\\xampp\\htdocs\\iftheshoefitz\\wp-content\\plugins\\wp-reset\\wp-reset.php',
  'plugin_page' => 'tools_page_wp-reset',
  'skip_hooks' => false,
  'debug' => true,
  'js_folder' => 'http://localhost/iftheshoefitz/wp-content/plugins/wp-reset//js/',
)
array (
  'prefix' => 'wpr',
  'licensing_servers' => 
  array (
    0 => 'https://dashboard.wpreset.com/api/',
  ),
  'version' => '2.05',
  'slug' => 'wp-reset',
  'basename' => 'wp-reset/wp-reset.php',
  'plugin_page' => 'tools_page_wp-reset',
  'plugin_file' => 'C:\\xampp\\htdocs\\iftheshoefitz\\wp-content\\plugins\\wp-reset\\wp-reset.php',
  'js_folder' => 'http://localhost/iftheshoefitz/wp-content/plugins/wp-reset//js/',
  'api_ver' => 'v1/',
  'valid_forever' => '2035-01-01',
  'unlimited_installs' => 99999,
  'debug' => true,
  'filesystem_initialized' => false,
)

[Tue, 23 Sep 2025 00:52:04 +0000] wpr: __construct
array (
  'prefix' => 'wpr',
  'licensing_servers' => 
  array (
    0 => 'https://dashboard.wpreset.com/api/',
  ),
  'version' => '2.05',
  'plugin_file' => 'C:\\xampp\\htdocs\\iftheshoefitz\\wp-content\\plugins\\wp-reset\\wp-reset.php',
  'plugin_page' => 'tools_page_wp-reset',
  'skip_hooks' => false,
  'debug' => true,
  'js_folder' => 'http://localhost/iftheshoefitz/wp-content/plugins/wp-reset//js/',
)
array (
  'prefix' => 'wpr',
  'licensing_servers' => 
  array (
    0 => 'https://dashboard.wpreset.com/api/',
  ),
  'version' => '2.05',
  'slug' => 'wp-reset',
  'basename' => 'wp-reset/wp-reset.php',
  'plugin_page' => 'tools_page_wp-reset',
  'plugin_file' => 'C:\\xampp\\htdocs\\iftheshoefitz\\wp-content\\plugins\\wp-reset\\wp-reset.php',
  'js_folder' => 'http://localhost/iftheshoefitz/wp-content/plugins/wp-reset//js/',
  'api_ver' => 'v1/',
  'valid_forever' => '2035-01-01',
  'unlimited_installs' => 99999,
  'debug' => true,
  'filesystem_initialized' => false,
)

[Tue, 23 Sep 2025 00:52:06 +0000] wpr: __construct
array (
  'prefix' => 'wpr',
  'licensing_servers' => 
  array (
    0 => 'https://dashboard.wpreset.com/api/',
  ),
  'version' => '2.05',
  'plugin_file' => 'C:\\xampp\\htdocs\\iftheshoefitz\\wp-content\\plugins\\wp-reset\\wp-reset.php',
  'plugin_page' => 'tools_page_wp-reset',
  'skip_hooks' => false,
  'debug' => true,
  'js_folder' => 'http://localhost/iftheshoefitz/wp-content/plugins/wp-reset//js/',
)
array (
  'prefix' => 'wpr',
  'licensing_servers' => 
  array (
    0 => 'https://dashboard.wpreset.com/api/',
  ),
  'version' => '2.05',
  'slug' => 'wp-reset',
  'basename' => 'wp-reset/wp-reset.php',
  'plugin_page' => 'tools_page_wp-reset',
  'plugin_file' => 'C:\\xampp\\htdocs\\iftheshoefitz\\wp-content\\plugins\\wp-reset\\wp-reset.php',
  'js_folder' => 'http://localhost/iftheshoefitz/wp-content/plugins/wp-reset//js/',
  'api_ver' => 'v1/',
  'valid_forever' => '2035-01-01',
  'unlimited_installs' => 99999,
  'debug' => true,
  'filesystem_initialized' => false,
)

[Tue, 23 Sep 2025 00:52:07 +0000] wpr: __construct
array (
  'prefix' => 'wpr',
  'licensing_servers' => 
  array (
    0 => 'https://dashboard.wpreset.com/api/',
  ),
  'version' => '2.05',
  'plugin_file' => 'C:\\xampp\\htdocs\\iftheshoefitz\\wp-content\\plugins\\wp-reset\\wp-reset.php',
  'plugin_page' => 'tools_page_wp-reset',
  'skip_hooks' => false,
  'debug' => true,
  'js_folder' => 'http://localhost/iftheshoefitz/wp-content/plugins/wp-reset//js/',
)
array (
  'prefix' => 'wpr',
  'licensing_servers' => 
  array (
    0 => 'https://dashboard.wpreset.com/api/',
  ),
  'version' => '2.05',
  'slug' => 'wp-reset',
  'basename' => 'wp-reset/wp-reset.php',
  'plugin_page' => 'tools_page_wp-reset',
  'plugin_file' => 'C:\\xampp\\htdocs\\iftheshoefitz\\wp-content\\plugins\\wp-reset\\wp-reset.php',
  'js_folder' => 'http://localhost/iftheshoefitz/wp-content/plugins/wp-reset//js/',
  'api_ver' => 'v1/',
  'valid_forever' => '2035-01-01',
  'unlimited_installs' => 99999,
  'debug' => true,
  'filesystem_initialized' => false,
)

[Tue, 23 Sep 2025 00:52:07 +0000] wpr: __construct
array (
  'prefix' => 'wpr',
  'licensing_servers' => 
  array (
    0 => 'https://dashboard.wpreset.com/api/',
  ),
  'version' => '2.05',
  'plugin_file' => 'C:\\xampp\\htdocs\\iftheshoefitz\\wp-content\\plugins\\wp-reset\\wp-reset.php',
  'plugin_page' => 'tools_page_wp-reset',
  'skip_hooks' => false,
  'debug' => true,
  'js_folder' => 'http://localhost/iftheshoefitz/wp-content/plugins/wp-reset//js/',
)
array (
  'prefix' => 'wpr',
  'licensing_servers' => 
  array (
    0 => 'https://dashboard.wpreset.com/api/',
  ),
  'version' => '2.05',
  'slug' => 'wp-reset',
  'basename' => 'wp-reset/wp-reset.php',
  'plugin_page' => 'tools_page_wp-reset',
  'plugin_file' => 'C:\\xampp\\htdocs\\iftheshoefitz\\wp-content\\plugins\\wp-reset\\wp-reset.php',
  'js_folder' => 'http://localhost/iftheshoefitz/wp-content/plugins/wp-reset//js/',
  'api_ver' => 'v1/',
  'valid_forever' => '2035-01-01',
  'unlimited_installs' => 99999,
  'debug' => true,
  'filesystem_initialized' => false,
)

[Tue, 23 Sep 2025 00:52:11 +0000] wpr: __construct
array (
  'prefix' => 'wpr',
  'licensing_servers' => 
  array (
    0 => 'https://dashboard.wpreset.com/api/',
  ),
  'version' => '2.05',
  'plugin_file' => 'C:\\xampp\\htdocs\\iftheshoefitz\\wp-content\\plugins\\wp-reset\\wp-reset.php',
  'plugin_page' => 'tools_page_wp-reset',
  'skip_hooks' => false,
  'debug' => true,
  'js_folder' => 'http://localhost/iftheshoefitz/wp-content/plugins/wp-reset//js/',
)
array (
  'prefix' => 'wpr',
  'licensing_servers' => 
  array (
    0 => 'https://dashboard.wpreset.com/api/',
  ),
  'version' => '2.05',
  'slug' => 'wp-reset',
  'basename' => 'wp-reset/wp-reset.php',
  'plugin_page' => 'tools_page_wp-reset',
  'plugin_file' => 'C:\\xampp\\htdocs\\iftheshoefitz\\wp-content\\plugins\\wp-reset\\wp-reset.php',
  'js_folder' => 'http://localhost/iftheshoefitz/wp-content/plugins/wp-reset//js/',
  'api_ver' => 'v1/',
  'valid_forever' => '2035-01-01',
  'unlimited_installs' => 99999,
  'debug' => true,
  'filesystem_initialized' => false,
)

[Tue, 23 Sep 2025 00:52:11 +0000] wpr: __construct
array (
  'prefix' => 'wpr',
  'licensing_servers' => 
  array (
    0 => 'https://dashboard.wpreset.com/api/',
  ),
  'version' => '2.05',
  'plugin_file' => 'C:\\xampp\\htdocs\\iftheshoefitz\\wp-content\\plugins\\wp-reset\\wp-reset.php',
  'plugin_page' => 'tools_page_wp-reset',
  'skip_hooks' => false,
  'debug' => true,
  'js_folder' => 'http://localhost/iftheshoefitz/wp-content/plugins/wp-reset//js/',
)
array (
  'prefix' => 'wpr',
  'licensing_servers' => 
  array (
    0 => 'https://dashboard.wpreset.com/api/',
  ),
  'version' => '2.05',
  'slug' => 'wp-reset',
  'basename' => 'wp-reset/wp-reset.php',
  'plugin_page' => 'tools_page_wp-reset',
  'plugin_file' => 'C:\\xampp\\htdocs\\iftheshoefitz\\wp-content\\plugins\\wp-reset\\wp-reset.php',
  'js_folder' => 'http://localhost/iftheshoefitz/wp-content/plugins/wp-reset//js/',
  'api_ver' => 'v1/',
  'valid_forever' => '2035-01-01',
  'unlimited_installs' => 99999,
  'debug' => true,
  'filesystem_initialized' => false,
)

[Tue, 23 Sep 2025 00:52:14 +0000] wpr: __construct
array (
  'prefix' => 'wpr',
  'licensing_servers' => 
  array (
    0 => 'https://dashboard.wpreset.com/api/',
  ),
  'version' => '2.05',
  'plugin_file' => 'C:\\xampp\\htdocs\\iftheshoefitz\\wp-content\\plugins\\wp-reset\\wp-reset.php',
  'plugin_page' => 'tools_page_wp-reset',
  'skip_hooks' => false,
  'debug' => true,
  'js_folder' => 'http://localhost/iftheshoefitz/wp-content/plugins/wp-reset//js/',
)
array (
  'prefix' => 'wpr',
  'licensing_servers' => 
  array (
    0 => 'https://dashboard.wpreset.com/api/',
  ),
  'version' => '2.05',
  'slug' => 'wp-reset',
  'basename' => 'wp-reset/wp-reset.php',
  'plugin_page' => 'tools_page_wp-reset',
  'plugin_file' => 'C:\\xampp\\htdocs\\iftheshoefitz\\wp-content\\plugins\\wp-reset\\wp-reset.php',
  'js_folder' => 'http://localhost/iftheshoefitz/wp-content/plugins/wp-reset//js/',
  'api_ver' => 'v1/',
  'valid_forever' => '2035-01-01',
  'unlimited_installs' => 99999,
  'debug' => true,
  'filesystem_initialized' => false,
)

[Tue, 23 Sep 2025 00:52:15 +0000] wpr: __construct
array (
  'prefix' => 'wpr',
  'licensing_servers' => 
  array (
    0 => 'https://dashboard.wpreset.com/api/',
  ),
  'version' => '2.05',
  'plugin_file' => 'C:\\xampp\\htdocs\\iftheshoefitz\\wp-content\\plugins\\wp-reset\\wp-reset.php',
  'plugin_page' => 'tools_page_wp-reset',
  'skip_hooks' => false,
  'debug' => true,
  'js_folder' => 'http://localhost/iftheshoefitz/wp-content/plugins/wp-reset//js/',
)
array (
  'prefix' => 'wpr',
  'licensing_servers' => 
  array (
    0 => 'https://dashboard.wpreset.com/api/',
  ),
  'version' => '2.05',
  'slug' => 'wp-reset',
  'basename' => 'wp-reset/wp-reset.php',
  'plugin_page' => 'tools_page_wp-reset',
  'plugin_file' => 'C:\\xampp\\htdocs\\iftheshoefitz\\wp-content\\plugins\\wp-reset\\wp-reset.php',
  'js_folder' => 'http://localhost/iftheshoefitz/wp-content/plugins/wp-reset//js/',
  'api_ver' => 'v1/',
  'valid_forever' => '2035-01-01',
  'unlimited_installs' => 99999,
  'debug' => true,
  'filesystem_initialized' => false,
)

[Tue, 23 Sep 2025 00:52:15 +0000] wpr: __construct
array (
  'prefix' => 'wpr',
  'licensing_servers' => 
  array (
    0 => 'https://dashboard.wpreset.com/api/',
  ),
  'version' => '2.05',
  'plugin_file' => 'C:\\xampp\\htdocs\\iftheshoefitz\\wp-content\\plugins\\wp-reset\\wp-reset.php',
  'plugin_page' => 'tools_page_wp-reset',
  'skip_hooks' => false,
  'debug' => true,
  'js_folder' => 'http://localhost/iftheshoefitz/wp-content/plugins/wp-reset//js/',
)
array (
  'prefix' => 'wpr',
  'licensing_servers' => 
  array (
    0 => 'https://dashboard.wpreset.com/api/',
  ),
  'version' => '2.05',
  'slug' => 'wp-reset',
  'basename' => 'wp-reset/wp-reset.php',
  'plugin_page' => 'tools_page_wp-reset',
  'plugin_file' => 'C:\\xampp\\htdocs\\iftheshoefitz\\wp-content\\plugins\\wp-reset\\wp-reset.php',
  'js_folder' => 'http://localhost/iftheshoefitz/wp-content/plugins/wp-reset//js/',
  'api_ver' => 'v1/',
  'valid_forever' => '2035-01-01',
  'unlimited_installs' => 99999,
  'debug' => true,
  'filesystem_initialized' => false,
)

[Tue, 23 Sep 2025 00:52:18 +0000] wpr: __construct
array (
  'prefix' => 'wpr',
  'licensing_servers' => 
  array (
    0 => 'https://dashboard.wpreset.com/api/',
  ),
  'version' => '2.05',
  'plugin_file' => 'C:\\xampp\\htdocs\\iftheshoefitz\\wp-content\\plugins\\wp-reset\\wp-reset.php',
  'plugin_page' => 'tools_page_wp-reset',
  'skip_hooks' => false,
  'debug' => true,
  'js_folder' => 'http://localhost/iftheshoefitz/wp-content/plugins/wp-reset//js/',
)
array (
  'prefix' => 'wpr',
  'licensing_servers' => 
  array (
    0 => 'https://dashboard.wpreset.com/api/',
  ),
  'version' => '2.05',
  'slug' => 'wp-reset',
  'basename' => 'wp-reset/wp-reset.php',
  'plugin_page' => 'tools_page_wp-reset',
  'plugin_file' => 'C:\\xampp\\htdocs\\iftheshoefitz\\wp-content\\plugins\\wp-reset\\wp-reset.php',
  'js_folder' => 'http://localhost/iftheshoefitz/wp-content/plugins/wp-reset//js/',
  'api_ver' => 'v1/',
  'valid_forever' => '2035-01-01',
  'unlimited_installs' => 99999,
  'debug' => true,
  'filesystem_initialized' => false,
)

[Tue, 23 Sep 2025 00:52:22 +0000] wpr: __construct
array (
  'prefix' => 'wpr',
  'licensing_servers' => 
  array (
    0 => 'https://dashboard.wpreset.com/api/',
  ),
  'version' => '2.05',
  'plugin_file' => 'C:\\xampp\\htdocs\\iftheshoefitz\\wp-content\\plugins\\wp-reset\\wp-reset.php',
  'plugin_page' => 'tools_page_wp-reset',
  'skip_hooks' => false,
  'debug' => true,
  'js_folder' => 'http://localhost/iftheshoefitz/wp-content/plugins/wp-reset//js/',
)
array (
  'prefix' => 'wpr',
  'licensing_servers' => 
  array (
    0 => 'https://dashboard.wpreset.com/api/',
  ),
  'version' => '2.05',
  'slug' => 'wp-reset',
  'basename' => 'wp-reset/wp-reset.php',
  'plugin_page' => 'tools_page_wp-reset',
  'plugin_file' => 'C:\\xampp\\htdocs\\iftheshoefitz\\wp-content\\plugins\\wp-reset\\wp-reset.php',
  'js_folder' => 'http://localhost/iftheshoefitz/wp-content/plugins/wp-reset//js/',
  'api_ver' => 'v1/',
  'valid_forever' => '2035-01-01',
  'unlimited_installs' => 99999,
  'debug' => true,
  'filesystem_initialized' => false,
)

[Tue, 23 Sep 2025 00:52:23 +0000] wpr: __construct
array (
  'prefix' => 'wpr',
  'licensing_servers' => 
  array (
    0 => 'https://dashboard.wpreset.com/api/',
  ),
  'version' => '2.05',
  'plugin_file' => 'C:\\xampp\\htdocs\\iftheshoefitz\\wp-content\\plugins\\wp-reset\\wp-reset.php',
  'plugin_page' => 'tools_page_wp-reset',
  'skip_hooks' => false,
  'debug' => true,
  'js_folder' => 'http://localhost/iftheshoefitz/wp-content/plugins/wp-reset//js/',
)
array (
  'prefix' => 'wpr',
  'licensing_servers' => 
  array (
    0 => 'https://dashboard.wpreset.com/api/',
  ),
  'version' => '2.05',
  'slug' => 'wp-reset',
  'basename' => 'wp-reset/wp-reset.php',
  'plugin_page' => 'tools_page_wp-reset',
  'plugin_file' => 'C:\\xampp\\htdocs\\iftheshoefitz\\wp-content\\plugins\\wp-reset\\wp-reset.php',
  'js_folder' => 'http://localhost/iftheshoefitz/wp-content/plugins/wp-reset//js/',
  'api_ver' => 'v1/',
  'valid_forever' => '2035-01-01',
  'unlimited_installs' => 99999,
  'debug' => true,
  'filesystem_initialized' => false,
)

[Tue, 23 Sep 2025 00:52:25 +0000] wpr: __construct
array (
  'prefix' => 'wpr',
  'licensing_servers' => 
  array (
    0 => 'https://dashboard.wpreset.com/api/',
  ),
  'version' => '2.05',
  'plugin_file' => 'C:\\xampp\\htdocs\\iftheshoefitz\\wp-content\\plugins\\wp-reset\\wp-reset.php',
  'plugin_page' => 'tools_page_wp-reset',
  'skip_hooks' => false,
  'debug' => true,
  'js_folder' => 'http://localhost/iftheshoefitz/wp-content/plugins/wp-reset//js/',
)
array (
  'prefix' => 'wpr',
  'licensing_servers' => 
  array (
    0 => 'https://dashboard.wpreset.com/api/',
  ),
  'version' => '2.05',
  'slug' => 'wp-reset',
  'basename' => 'wp-reset/wp-reset.php',
  'plugin_page' => 'tools_page_wp-reset',
  'plugin_file' => 'C:\\xampp\\htdocs\\iftheshoefitz\\wp-content\\plugins\\wp-reset\\wp-reset.php',
  'js_folder' => 'http://localhost/iftheshoefitz/wp-content/plugins/wp-reset//js/',
  'api_ver' => 'v1/',
  'valid_forever' => '2035-01-01',
  'unlimited_installs' => 99999,
  'debug' => true,
  'filesystem_initialized' => false,
)

[Tue, 23 Sep 2025 00:52:28 +0000] wpr: __construct
array (
  'prefix' => 'wpr',
  'licensing_servers' => 
  array (
    0 => 'https://dashboard.wpreset.com/api/',
  ),
  'version' => '2.05',
  'plugin_file' => 'C:\\xampp\\htdocs\\iftheshoefitz\\wp-content\\plugins\\wp-reset\\wp-reset.php',
  'plugin_page' => 'tools_page_wp-reset',
  'skip_hooks' => false,
  'debug' => true,
  'js_folder' => 'http://localhost/iftheshoefitz/wp-content/plugins/wp-reset//js/',
)
array (
  'prefix' => 'wpr',
  'licensing_servers' => 
  array (
    0 => 'https://dashboard.wpreset.com/api/',
  ),
  'version' => '2.05',
  'slug' => 'wp-reset',
  'basename' => 'wp-reset/wp-reset.php',
  'plugin_page' => 'tools_page_wp-reset',
  'plugin_file' => 'C:\\xampp\\htdocs\\iftheshoefitz\\wp-content\\plugins\\wp-reset\\wp-reset.php',
  'js_folder' => 'http://localhost/iftheshoefitz/wp-content/plugins/wp-reset//js/',
  'api_ver' => 'v1/',
  'valid_forever' => '2035-01-01',
  'unlimited_installs' => 99999,
  'debug' => true,
  'filesystem_initialized' => false,
)

[Tue, 23 Sep 2025 00:52:31 +0000] wpr: __construct
array (
  'prefix' => 'wpr',
  'licensing_servers' => 
  array (
    0 => 'https://dashboard.wpreset.com/api/',
  ),
  'version' => '2.05',
  'plugin_file' => 'C:\\xampp\\htdocs\\iftheshoefitz\\wp-content\\plugins\\wp-reset\\wp-reset.php',
  'plugin_page' => 'tools_page_wp-reset',
  'skip_hooks' => false,
  'debug' => true,
  'js_folder' => 'http://localhost/iftheshoefitz/wp-content/plugins/wp-reset//js/',
)
array (
  'prefix' => 'wpr',
  'licensing_servers' => 
  array (
    0 => 'https://dashboard.wpreset.com/api/',
  ),
  'version' => '2.05',
  'slug' => 'wp-reset',
  'basename' => 'wp-reset/wp-reset.php',
  'plugin_page' => 'tools_page_wp-reset',
  'plugin_file' => 'C:\\xampp\\htdocs\\iftheshoefitz\\wp-content\\plugins\\wp-reset\\wp-reset.php',
  'js_folder' => 'http://localhost/iftheshoefitz/wp-content/plugins/wp-reset//js/',
  'api_ver' => 'v1/',
  'valid_forever' => '2035-01-01',
  'unlimited_installs' => 99999,
  'debug' => true,
  'filesystem_initialized' => false,
)

[Tue, 23 Sep 2025 00:52:31 +0000] wpr: __construct
array (
  'prefix' => 'wpr',
  'licensing_servers' => 
  array (
    0 => 'https://dashboard.wpreset.com/api/',
  ),
  'version' => '2.05',
  'plugin_file' => 'C:\\xampp\\htdocs\\iftheshoefitz\\wp-content\\plugins\\wp-reset\\wp-reset.php',
  'plugin_page' => 'tools_page_wp-reset',
  'skip_hooks' => false,
  'debug' => true,
  'js_folder' => 'http://localhost/iftheshoefitz/wp-content/plugins/wp-reset//js/',
)
array (
  'prefix' => 'wpr',
  'licensing_servers' => 
  array (
    0 => 'https://dashboard.wpreset.com/api/',
  ),
  'version' => '2.05',
  'slug' => 'wp-reset',
  'basename' => 'wp-reset/wp-reset.php',
  'plugin_page' => 'tools_page_wp-reset',
  'plugin_file' => 'C:\\xampp\\htdocs\\iftheshoefitz\\wp-content\\plugins\\wp-reset\\wp-reset.php',
  'js_folder' => 'http://localhost/iftheshoefitz/wp-content/plugins/wp-reset//js/',
  'api_ver' => 'v1/',
  'valid_forever' => '2035-01-01',
  'unlimited_installs' => 99999,
  'debug' => true,
  'filesystem_initialized' => false,
)

[Tue, 23 Sep 2025 00:52:33 +0000] wpr: __construct
array (
  'prefix' => 'wpr',
  'licensing_servers' => 
  array (
    0 => 'https://dashboard.wpreset.com/api/',
  ),
  'version' => '2.05',
  'plugin_file' => 'C:\\xampp\\htdocs\\iftheshoefitz\\wp-content\\plugins\\wp-reset\\wp-reset.php',
  'plugin_page' => 'tools_page_wp-reset',
  'skip_hooks' => false,
  'debug' => true,
  'js_folder' => 'http://localhost/iftheshoefitz/wp-content/plugins/wp-reset//js/',
)
array (
  'prefix' => 'wpr',
  'licensing_servers' => 
  array (
    0 => 'https://dashboard.wpreset.com/api/',
  ),
  'version' => '2.05',
  'slug' => 'wp-reset',
  'basename' => 'wp-reset/wp-reset.php',
  'plugin_page' => 'tools_page_wp-reset',
  'plugin_file' => 'C:\\xampp\\htdocs\\iftheshoefitz\\wp-content\\plugins\\wp-reset\\wp-reset.php',
  'js_folder' => 'http://localhost/iftheshoefitz/wp-content/plugins/wp-reset//js/',
  'api_ver' => 'v1/',
  'valid_forever' => '2035-01-01',
  'unlimited_installs' => 99999,
  'debug' => true,
  'filesystem_initialized' => false,
)

[Tue, 23 Sep 2025 00:52:35 +0000] wpr: __construct
array (
  'prefix' => 'wpr',
  'licensing_servers' => 
  array (
    0 => 'https://dashboard.wpreset.com/api/',
  ),
  'version' => '2.05',
  'plugin_file' => 'C:\\xampp\\htdocs\\iftheshoefitz\\wp-content\\plugins\\wp-reset\\wp-reset.php',
  'plugin_page' => 'tools_page_wp-reset',
  'skip_hooks' => false,
  'debug' => true,
  'js_folder' => 'http://localhost/iftheshoefitz/wp-content/plugins/wp-reset//js/',
)
array (
  'prefix' => 'wpr',
  'licensing_servers' => 
  array (
    0 => 'https://dashboard.wpreset.com/api/',
  ),
  'version' => '2.05',
  'slug' => 'wp-reset',
  'basename' => 'wp-reset/wp-reset.php',
  'plugin_page' => 'tools_page_wp-reset',
  'plugin_file' => 'C:\\xampp\\htdocs\\iftheshoefitz\\wp-content\\plugins\\wp-reset\\wp-reset.php',
  'js_folder' => 'http://localhost/iftheshoefitz/wp-content/plugins/wp-reset//js/',
  'api_ver' => 'v1/',
  'valid_forever' => '2035-01-01',
  'unlimited_installs' => 99999,
  'debug' => true,
  'filesystem_initialized' => false,
)

[Tue, 23 Sep 2025 00:52:38 +0000] wpr: __construct
array (
  'prefix' => 'wpr',
  'licensing_servers' => 
  array (
    0 => 'https://dashboard.wpreset.com/api/',
  ),
  'version' => '2.05',
  'plugin_file' => 'C:\\xampp\\htdocs\\iftheshoefitz\\wp-content\\plugins\\wp-reset\\wp-reset.php',
  'plugin_page' => 'tools_page_wp-reset',
  'skip_hooks' => false,
  'debug' => true,
  'js_folder' => 'http://localhost/iftheshoefitz/wp-content/plugins/wp-reset//js/',
)
array (
  'prefix' => 'wpr',
  'licensing_servers' => 
  array (
    0 => 'https://dashboard.wpreset.com/api/',
  ),
  'version' => '2.05',
  'slug' => 'wp-reset',
  'basename' => 'wp-reset/wp-reset.php',
  'plugin_page' => 'tools_page_wp-reset',
  'plugin_file' => 'C:\\xampp\\htdocs\\iftheshoefitz\\wp-content\\plugins\\wp-reset\\wp-reset.php',
  'js_folder' => 'http://localhost/iftheshoefitz/wp-content/plugins/wp-reset//js/',
  'api_ver' => 'v1/',
  'valid_forever' => '2035-01-01',
  'unlimited_installs' => 99999,
  'debug' => true,
  'filesystem_initialized' => false,
)

[Tue, 23 Sep 2025 00:52:38 +0000] wpr: __construct
array (
  'prefix' => 'wpr',
  'licensing_servers' => 
  array (
    0 => 'https://dashboard.wpreset.com/api/',
  ),
  'version' => '2.05',
  'plugin_file' => 'C:\\xampp\\htdocs\\iftheshoefitz\\wp-content\\plugins\\wp-reset\\wp-reset.php',
  'plugin_page' => 'tools_page_wp-reset',
  'skip_hooks' => false,
  'debug' => true,
  'js_folder' => 'http://localhost/iftheshoefitz/wp-content/plugins/wp-reset//js/',
)
array (
  'prefix' => 'wpr',
  'licensing_servers' => 
  array (
    0 => 'https://dashboard.wpreset.com/api/',
  ),
  'version' => '2.05',
  'slug' => 'wp-reset',
  'basename' => 'wp-reset/wp-reset.php',
  'plugin_page' => 'tools_page_wp-reset',
  'plugin_file' => 'C:\\xampp\\htdocs\\iftheshoefitz\\wp-content\\plugins\\wp-reset\\wp-reset.php',
  'js_folder' => 'http://localhost/iftheshoefitz/wp-content/plugins/wp-reset//js/',
  'api_ver' => 'v1/',
  'valid_forever' => '2035-01-01',
  'unlimited_installs' => 99999,
  'debug' => true,
  'filesystem_initialized' => false,
)

[Tue, 23 Sep 2025 00:52:41 +0000] wpr: __construct
array (
  'prefix' => 'wpr',
  'licensing_servers' => 
  array (
    0 => 'https://dashboard.wpreset.com/api/',
  ),
  'version' => '2.05',
  'plugin_file' => 'C:\\xampp\\htdocs\\iftheshoefitz\\wp-content\\plugins\\wp-reset\\wp-reset.php',
  'plugin_page' => 'tools_page_wp-reset',
  'skip_hooks' => false,
  'debug' => true,
  'js_folder' => 'http://localhost/iftheshoefitz/wp-content/plugins/wp-reset//js/',
)
array (
  'prefix' => 'wpr',
  'licensing_servers' => 
  array (
    0 => 'https://dashboard.wpreset.com/api/',
  ),
  'version' => '2.05',
  'slug' => 'wp-reset',
  'basename' => 'wp-reset/wp-reset.php',
  'plugin_page' => 'tools_page_wp-reset',
  'plugin_file' => 'C:\\xampp\\htdocs\\iftheshoefitz\\wp-content\\plugins\\wp-reset\\wp-reset.php',
  'js_folder' => 'http://localhost/iftheshoefitz/wp-content/plugins/wp-reset//js/',
  'api_ver' => 'v1/',
  'valid_forever' => '2035-01-01',
  'unlimited_installs' => 99999,
  'debug' => true,
  'filesystem_initialized' => false,
)

[Tue, 23 Sep 2025 00:52:44 +0000] wpr: __construct
array (
  'prefix' => 'wpr',
  'licensing_servers' => 
  array (
    0 => 'https://dashboard.wpreset.com/api/',
  ),
  'version' => '2.05',
  'plugin_file' => 'C:\\xampp\\htdocs\\iftheshoefitz\\wp-content\\plugins\\wp-reset\\wp-reset.php',
  'plugin_page' => 'tools_page_wp-reset',
  'skip_hooks' => false,
  'debug' => true,
  'js_folder' => 'http://localhost/iftheshoefitz/wp-content/plugins/wp-reset//js/',
)
array (
  'prefix' => 'wpr',
  'licensing_servers' => 
  array (
    0 => 'https://dashboard.wpreset.com/api/',
  ),
  'version' => '2.05',
  'slug' => 'wp-reset',
  'basename' => 'wp-reset/wp-reset.php',
  'plugin_page' => 'tools_page_wp-reset',
  'plugin_file' => 'C:\\xampp\\htdocs\\iftheshoefitz\\wp-content\\plugins\\wp-reset\\wp-reset.php',
  'js_folder' => 'http://localhost/iftheshoefitz/wp-content/plugins/wp-reset//js/',
  'api_ver' => 'v1/',
  'valid_forever' => '2035-01-01',
  'unlimited_installs' => 99999,
  'debug' => true,
  'filesystem_initialized' => false,
)

[Tue, 23 Sep 2025 00:52:44 +0000] wpr: __construct
array (
  'prefix' => 'wpr',
  'licensing_servers' => 
  array (
    0 => 'https://dashboard.wpreset.com/api/',
  ),
  'version' => '2.05',
  'plugin_file' => 'C:\\xampp\\htdocs\\iftheshoefitz\\wp-content\\plugins\\wp-reset\\wp-reset.php',
  'plugin_page' => 'tools_page_wp-reset',
  'skip_hooks' => false,
  'debug' => true,
  'js_folder' => 'http://localhost/iftheshoefitz/wp-content/plugins/wp-reset//js/',
)
array (
  'prefix' => 'wpr',
  'licensing_servers' => 
  array (
    0 => 'https://dashboard.wpreset.com/api/',
  ),
  'version' => '2.05',
  'slug' => 'wp-reset',
  'basename' => 'wp-reset/wp-reset.php',
  'plugin_page' => 'tools_page_wp-reset',
  'plugin_file' => 'C:\\xampp\\htdocs\\iftheshoefitz\\wp-content\\plugins\\wp-reset\\wp-reset.php',
  'js_folder' => 'http://localhost/iftheshoefitz/wp-content/plugins/wp-reset//js/',
  'api_ver' => 'v1/',
  'valid_forever' => '2035-01-01',
  'unlimited_installs' => 99999,
  'debug' => true,
  'filesystem_initialized' => false,
)

[Tue, 23 Sep 2025 00:52:46 +0000] wpr: __construct
array (
  'prefix' => 'wpr',
  'licensing_servers' => 
  array (
    0 => 'https://dashboard.wpreset.com/api/',
  ),
  'version' => '2.05',
  'plugin_file' => 'C:\\xampp\\htdocs\\iftheshoefitz\\wp-content\\plugins\\wp-reset\\wp-reset.php',
  'plugin_page' => 'tools_page_wp-reset',
  'skip_hooks' => false,
  'debug' => true,
  'js_folder' => 'http://localhost/iftheshoefitz/wp-content/plugins/wp-reset//js/',
)
array (
  'prefix' => 'wpr',
  'licensing_servers' => 
  array (
    0 => 'https://dashboard.wpreset.com/api/',
  ),
  'version' => '2.05',
  'slug' => 'wp-reset',
  'basename' => 'wp-reset/wp-reset.php',
  'plugin_page' => 'tools_page_wp-reset',
  'plugin_file' => 'C:\\xampp\\htdocs\\iftheshoefitz\\wp-content\\plugins\\wp-reset\\wp-reset.php',
  'js_folder' => 'http://localhost/iftheshoefitz/wp-content/plugins/wp-reset//js/',
  'api_ver' => 'v1/',
  'valid_forever' => '2035-01-01',
  'unlimited_installs' => 99999,
  'debug' => true,
  'filesystem_initialized' => false,
)

[Tue, 23 Sep 2025 00:52:47 +0000] wpr: __construct
array (
  'prefix' => 'wpr',
  'licensing_servers' => 
  array (
    0 => 'https://dashboard.wpreset.com/api/',
  ),
  'version' => '2.05',
  'plugin_file' => 'C:\\xampp\\htdocs\\iftheshoefitz\\wp-content\\plugins\\wp-reset\\wp-reset.php',
  'plugin_page' => 'tools_page_wp-reset',
  'skip_hooks' => false,
  'debug' => true,
  'js_folder' => 'http://localhost/iftheshoefitz/wp-content/plugins/wp-reset//js/',
)
array (
  'prefix' => 'wpr',
  'licensing_servers' => 
  array (
    0 => 'https://dashboard.wpreset.com/api/',
  ),
  'version' => '2.05',
  'slug' => 'wp-reset',
  'basename' => 'wp-reset/wp-reset.php',
  'plugin_page' => 'tools_page_wp-reset',
  'plugin_file' => 'C:\\xampp\\htdocs\\iftheshoefitz\\wp-content\\plugins\\wp-reset\\wp-reset.php',
  'js_folder' => 'http://localhost/iftheshoefitz/wp-content/plugins/wp-reset//js/',
  'api_ver' => 'v1/',
  'valid_forever' => '2035-01-01',
  'unlimited_installs' => 99999,
  'debug' => true,
  'filesystem_initialized' => false,
)

[Tue, 23 Sep 2025 00:52:48 +0000] wpr: __construct
array (
  'prefix' => 'wpr',
  'licensing_servers' => 
  array (
    0 => 'https://dashboard.wpreset.com/api/',
  ),
  'version' => '2.05',
  'plugin_file' => 'C:\\xampp\\htdocs\\iftheshoefitz\\wp-content\\plugins\\wp-reset\\wp-reset.php',
  'plugin_page' => 'tools_page_wp-reset',
  'skip_hooks' => false,
  'debug' => true,
  'js_folder' => 'http://localhost/iftheshoefitz/wp-content/plugins/wp-reset//js/',
)
array (
  'prefix' => 'wpr',
  'licensing_servers' => 
  array (
    0 => 'https://dashboard.wpreset.com/api/',
  ),
  'version' => '2.05',
  'slug' => 'wp-reset',
  'basename' => 'wp-reset/wp-reset.php',
  'plugin_page' => 'tools_page_wp-reset',
  'plugin_file' => 'C:\\xampp\\htdocs\\iftheshoefitz\\wp-content\\plugins\\wp-reset\\wp-reset.php',
  'js_folder' => 'http://localhost/iftheshoefitz/wp-content/plugins/wp-reset//js/',
  'api_ver' => 'v1/',
  'valid_forever' => '2035-01-01',
  'unlimited_installs' => 99999,
  'debug' => true,
  'filesystem_initialized' => false,
)

[Tue, 23 Sep 2025 00:52:50 +0000] wpr: __construct
array (
  'prefix' => 'wpr',
  'licensing_servers' => 
  array (
    0 => 'https://dashboard.wpreset.com/api/',
  ),
  'version' => '2.05',
  'plugin_file' => 'C:\\xampp\\htdocs\\iftheshoefitz\\wp-content\\plugins\\wp-reset\\wp-reset.php',
  'plugin_page' => 'tools_page_wp-reset',
  'skip_hooks' => false,
  'debug' => true,
  'js_folder' => 'http://localhost/iftheshoefitz/wp-content/plugins/wp-reset//js/',
)
array (
  'prefix' => 'wpr',
  'licensing_servers' => 
  array (
    0 => 'https://dashboard.wpreset.com/api/',
  ),
  'version' => '2.05',
  'slug' => 'wp-reset',
  'basename' => 'wp-reset/wp-reset.php',
  'plugin_page' => 'tools_page_wp-reset',
  'plugin_file' => 'C:\\xampp\\htdocs\\iftheshoefitz\\wp-content\\plugins\\wp-reset\\wp-reset.php',
  'js_folder' => 'http://localhost/iftheshoefitz/wp-content/plugins/wp-reset//js/',
  'api_ver' => 'v1/',
  'valid_forever' => '2035-01-01',
  'unlimited_installs' => 99999,
  'debug' => true,
  'filesystem_initialized' => false,
)

[Tue, 23 Sep 2025 00:52:51 +0000] wpr: __construct
array (
  'prefix' => 'wpr',
  'licensing_servers' => 
  array (
    0 => 'https://dashboard.wpreset.com/api/',
  ),
  'version' => '2.05',
  'plugin_file' => 'C:\\xampp\\htdocs\\iftheshoefitz\\wp-content\\plugins\\wp-reset\\wp-reset.php',
  'plugin_page' => 'tools_page_wp-reset',
  'skip_hooks' => false,
  'debug' => true,
  'js_folder' => 'http://localhost/iftheshoefitz/wp-content/plugins/wp-reset//js/',
)
array (
  'prefix' => 'wpr',
  'licensing_servers' => 
  array (
    0 => 'https://dashboard.wpreset.com/api/',
  ),
  'version' => '2.05',
  'slug' => 'wp-reset',
  'basename' => 'wp-reset/wp-reset.php',
  'plugin_page' => 'tools_page_wp-reset',
  'plugin_file' => 'C:\\xampp\\htdocs\\iftheshoefitz\\wp-content\\plugins\\wp-reset\\wp-reset.php',
  'js_folder' => 'http://localhost/iftheshoefitz/wp-content/plugins/wp-reset//js/',
  'api_ver' => 'v1/',
  'valid_forever' => '2035-01-01',
  'unlimited_installs' => 99999,
  'debug' => true,
  'filesystem_initialized' => false,
)

[Tue, 23 Sep 2025 00:52:51 +0000] wpr: __construct
array (
  'prefix' => 'wpr',
  'licensing_servers' => 
  array (
    0 => 'https://dashboard.wpreset.com/api/',
  ),
  'version' => '2.05',
  'plugin_file' => 'C:\\xampp\\htdocs\\iftheshoefitz\\wp-content\\plugins\\wp-reset\\wp-reset.php',
  'plugin_page' => 'tools_page_wp-reset',
  'skip_hooks' => false,
  'debug' => true,
  'js_folder' => 'http://localhost/iftheshoefitz/wp-content/plugins/wp-reset//js/',
)
array (
  'prefix' => 'wpr',
  'licensing_servers' => 
  array (
    0 => 'https://dashboard.wpreset.com/api/',
  ),
  'version' => '2.05',
  'slug' => 'wp-reset',
  'basename' => 'wp-reset/wp-reset.php',
  'plugin_page' => 'tools_page_wp-reset',
  'plugin_file' => 'C:\\xampp\\htdocs\\iftheshoefitz\\wp-content\\plugins\\wp-reset\\wp-reset.php',
  'js_folder' => 'http://localhost/iftheshoefitz/wp-content/plugins/wp-reset//js/',
  'api_ver' => 'v1/',
  'valid_forever' => '2035-01-01',
  'unlimited_installs' => 99999,
  'debug' => true,
  'filesystem_initialized' => false,
)

[Tue, 23 Sep 2025 00:52:55 +0000] wpr: __construct
array (
  'prefix' => 'wpr',
  'licensing_servers' => 
  array (
    0 => 'https://dashboard.wpreset.com/api/',
  ),
  'version' => '2.05',
  'plugin_file' => 'C:\\xampp\\htdocs\\iftheshoefitz\\wp-content\\plugins\\wp-reset\\wp-reset.php',
  'plugin_page' => 'tools_page_wp-reset',
  'skip_hooks' => false,
  'debug' => true,
  'js_folder' => 'http://localhost/iftheshoefitz/wp-content/plugins/wp-reset//js/',
)
array (
  'prefix' => 'wpr',
  'licensing_servers' => 
  array (
    0 => 'https://dashboard.wpreset.com/api/',
  ),
  'version' => '2.05',
  'slug' => 'wp-reset',
  'basename' => 'wp-reset/wp-reset.php',
  'plugin_page' => 'tools_page_wp-reset',
  'plugin_file' => 'C:\\xampp\\htdocs\\iftheshoefitz\\wp-content\\plugins\\wp-reset\\wp-reset.php',
  'js_folder' => 'http://localhost/iftheshoefitz/wp-content/plugins/wp-reset//js/',
  'api_ver' => 'v1/',
  'valid_forever' => '2035-01-01',
  'unlimited_installs' => 99999,
  'debug' => true,
  'filesystem_initialized' => false,
)

[Tue, 23 Sep 2025 00:52:55 +0000] wpr: __construct
array (
  'prefix' => 'wpr',
  'licensing_servers' => 
  array (
    0 => 'https://dashboard.wpreset.com/api/',
  ),
  'version' => '2.05',
  'plugin_file' => 'C:\\xampp\\htdocs\\iftheshoefitz\\wp-content\\plugins\\wp-reset\\wp-reset.php',
  'plugin_page' => 'tools_page_wp-reset',
  'skip_hooks' => false,
  'debug' => true,
  'js_folder' => 'http://localhost/iftheshoefitz/wp-content/plugins/wp-reset//js/',
)
array (
  'prefix' => 'wpr',
  'licensing_servers' => 
  array (
    0 => 'https://dashboard.wpreset.com/api/',
  ),
  'version' => '2.05',
  'slug' => 'wp-reset',
  'basename' => 'wp-reset/wp-reset.php',
  'plugin_page' => 'tools_page_wp-reset',
  'plugin_file' => 'C:\\xampp\\htdocs\\iftheshoefitz\\wp-content\\plugins\\wp-reset\\wp-reset.php',
  'js_folder' => 'http://localhost/iftheshoefitz/wp-content/plugins/wp-reset//js/',
  'api_ver' => 'v1/',
  'valid_forever' => '2035-01-01',
  'unlimited_installs' => 99999,
  'debug' => true,
  'filesystem_initialized' => false,
)

[Tue, 23 Sep 2025 00:52:57 +0000] wpr: __construct
array (
  'prefix' => 'wpr',
  'licensing_servers' => 
  array (
    0 => 'https://dashboard.wpreset.com/api/',
  ),
  'version' => '2.05',
  'plugin_file' => 'C:\\xampp\\htdocs\\iftheshoefitz\\wp-content\\plugins\\wp-reset\\wp-reset.php',
  'plugin_page' => 'tools_page_wp-reset',
  'skip_hooks' => false,
  'debug' => true,
  'js_folder' => 'http://localhost/iftheshoefitz/wp-content/plugins/wp-reset//js/',
)
array (
  'prefix' => 'wpr',
  'licensing_servers' => 
  array (
    0 => 'https://dashboard.wpreset.com/api/',
  ),
  'version' => '2.05',
  'slug' => 'wp-reset',
  'basename' => 'wp-reset/wp-reset.php',
  'plugin_page' => 'tools_page_wp-reset',
  'plugin_file' => 'C:\\xampp\\htdocs\\iftheshoefitz\\wp-content\\plugins\\wp-reset\\wp-reset.php',
  'js_folder' => 'http://localhost/iftheshoefitz/wp-content/plugins/wp-reset//js/',
  'api_ver' => 'v1/',
  'valid_forever' => '2035-01-01',
  'unlimited_installs' => 99999,
  'debug' => true,
  'filesystem_initialized' => false,
)

[Tue, 23 Sep 2025 00:52:58 +0000] wpr: __construct
array (
  'prefix' => 'wpr',
  'licensing_servers' => 
  array (
    0 => 'https://dashboard.wpreset.com/api/',
  ),
  'version' => '2.05',
  'plugin_file' => 'C:\\xampp\\htdocs\\iftheshoefitz\\wp-content\\plugins\\wp-reset\\wp-reset.php',
  'plugin_page' => 'tools_page_wp-reset',
  'skip_hooks' => false,
  'debug' => true,
  'js_folder' => 'http://localhost/iftheshoefitz/wp-content/plugins/wp-reset//js/',
)
array (
  'prefix' => 'wpr',
  'licensing_servers' => 
  array (
    0 => 'https://dashboard.wpreset.com/api/',
  ),
  'version' => '2.05',
  'slug' => 'wp-reset',
  'basename' => 'wp-reset/wp-reset.php',
  'plugin_page' => 'tools_page_wp-reset',
  'plugin_file' => 'C:\\xampp\\htdocs\\iftheshoefitz\\wp-content\\plugins\\wp-reset\\wp-reset.php',
  'js_folder' => 'http://localhost/iftheshoefitz/wp-content/plugins/wp-reset//js/',
  'api_ver' => 'v1/',
  'valid_forever' => '2035-01-01',
  'unlimited_installs' => 99999,
  'debug' => true,
  'filesystem_initialized' => false,
)

[Tue, 23 Sep 2025 00:52:59 +0000] wpr: __construct
array (
  'prefix' => 'wpr',
  'licensing_servers' => 
  array (
    0 => 'https://dashboard.wpreset.com/api/',
  ),
  'version' => '2.05',
  'plugin_file' => 'C:\\xampp\\htdocs\\iftheshoefitz\\wp-content\\plugins\\wp-reset\\wp-reset.php',
  'plugin_page' => 'tools_page_wp-reset',
  'skip_hooks' => false,
  'debug' => true,
  'js_folder' => 'http://localhost/iftheshoefitz/wp-content/plugins/wp-reset//js/',
)
array (
  'prefix' => 'wpr',
  'licensing_servers' => 
  array (
    0 => 'https://dashboard.wpreset.com/api/',
  ),
  'version' => '2.05',
  'slug' => 'wp-reset',
  'basename' => 'wp-reset/wp-reset.php',
  'plugin_page' => 'tools_page_wp-reset',
  'plugin_file' => 'C:\\xampp\\htdocs\\iftheshoefitz\\wp-content\\plugins\\wp-reset\\wp-reset.php',
  'js_folder' => 'http://localhost/iftheshoefitz/wp-content/plugins/wp-reset//js/',
  'api_ver' => 'v1/',
  'valid_forever' => '2035-01-01',
  'unlimited_installs' => 99999,
  'debug' => true,
  'filesystem_initialized' => false,
)

[Tue, 23 Sep 2025 00:52:59 +0000] wpr: __construct
array (
  'prefix' => 'wpr',
  'licensing_servers' => 
  array (
    0 => 'https://dashboard.wpreset.com/api/',
  ),
  'version' => '2.05',
  'plugin_file' => 'C:\\xampp\\htdocs\\iftheshoefitz\\wp-content\\plugins\\wp-reset\\wp-reset.php',
  'plugin_page' => 'tools_page_wp-reset',
  'skip_hooks' => false,
  'debug' => true,
  'js_folder' => 'http://localhost/iftheshoefitz/wp-content/plugins/wp-reset//js/',
)
array (
  'prefix' => 'wpr',
  'licensing_servers' => 
  array (
    0 => 'https://dashboard.wpreset.com/api/',
  ),
  'version' => '2.05',
  'slug' => 'wp-reset',
  'basename' => 'wp-reset/wp-reset.php',
  'plugin_page' => 'tools_page_wp-reset',
  'plugin_file' => 'C:\\xampp\\htdocs\\iftheshoefitz\\wp-content\\plugins\\wp-reset\\wp-reset.php',
  'js_folder' => 'http://localhost/iftheshoefitz/wp-content/plugins/wp-reset//js/',
  'api_ver' => 'v1/',
  'valid_forever' => '2035-01-01',
  'unlimited_installs' => 99999,
  'debug' => true,
  'filesystem_initialized' => false,
)

[Tue, 23 Sep 2025 00:53:02 +0000] wpr: __construct
array (
  'prefix' => 'wpr',
  'licensing_servers' => 
  array (
    0 => 'https://dashboard.wpreset.com/api/',
  ),
  'version' => '2.05',
  'plugin_file' => 'C:\\xampp\\htdocs\\iftheshoefitz\\wp-content\\plugins\\wp-reset\\wp-reset.php',
  'plugin_page' => 'tools_page_wp-reset',
  'skip_hooks' => false,
  'debug' => true,
  'js_folder' => 'http://localhost/iftheshoefitz/wp-content/plugins/wp-reset//js/',
)
array (
  'prefix' => 'wpr',
  'licensing_servers' => 
  array (
    0 => 'https://dashboard.wpreset.com/api/',
  ),
  'version' => '2.05',
  'slug' => 'wp-reset',
  'basename' => 'wp-reset/wp-reset.php',
  'plugin_page' => 'tools_page_wp-reset',
  'plugin_file' => 'C:\\xampp\\htdocs\\iftheshoefitz\\wp-content\\plugins\\wp-reset\\wp-reset.php',
  'js_folder' => 'http://localhost/iftheshoefitz/wp-content/plugins/wp-reset//js/',
  'api_ver' => 'v1/',
  'valid_forever' => '2035-01-01',
  'unlimited_installs' => 99999,
  'debug' => true,
  'filesystem_initialized' => false,
)

[Tue, 23 Sep 2025 00:53:04 +0000] wpr: __construct
array (
  'prefix' => 'wpr',
  'licensing_servers' => 
  array (
    0 => 'https://dashboard.wpreset.com/api/',
  ),
  'version' => '2.05',
  'plugin_file' => 'C:\\xampp\\htdocs\\iftheshoefitz\\wp-content\\plugins\\wp-reset\\wp-reset.php',
  'plugin_page' => 'tools_page_wp-reset',
  'skip_hooks' => false,
  'debug' => true,
  'js_folder' => 'http://localhost/iftheshoefitz/wp-content/plugins/wp-reset//js/',
)
array (
  'prefix' => 'wpr',
  'licensing_servers' => 
  array (
    0 => 'https://dashboard.wpreset.com/api/',
  ),
  'version' => '2.05',
  'slug' => 'wp-reset',
  'basename' => 'wp-reset/wp-reset.php',
  'plugin_page' => 'tools_page_wp-reset',
  'plugin_file' => 'C:\\xampp\\htdocs\\iftheshoefitz\\wp-content\\plugins\\wp-reset\\wp-reset.php',
  'js_folder' => 'http://localhost/iftheshoefitz/wp-content/plugins/wp-reset//js/',
  'api_ver' => 'v1/',
  'valid_forever' => '2035-01-01',
  'unlimited_installs' => 99999,
  'debug' => true,
  'filesystem_initialized' => false,
)

[Tue, 23 Sep 2025 00:53:06 +0000] wpr: __construct
array (
  'prefix' => 'wpr',
  'licensing_servers' => 
  array (
    0 => 'https://dashboard.wpreset.com/api/',
  ),
  'version' => '2.05',
  'plugin_file' => 'C:\\xampp\\htdocs\\iftheshoefitz\\wp-content\\plugins\\wp-reset\\wp-reset.php',
  'plugin_page' => 'tools_page_wp-reset',
  'skip_hooks' => false,
  'debug' => true,
  'js_folder' => 'http://localhost/iftheshoefitz/wp-content/plugins/wp-reset//js/',
)
array (
  'prefix' => 'wpr',
  'licensing_servers' => 
  array (
    0 => 'https://dashboard.wpreset.com/api/',
  ),
  'version' => '2.05',
  'slug' => 'wp-reset',
  'basename' => 'wp-reset/wp-reset.php',
  'plugin_page' => 'tools_page_wp-reset',
  'plugin_file' => 'C:\\xampp\\htdocs\\iftheshoefitz\\wp-content\\plugins\\wp-reset\\wp-reset.php',
  'js_folder' => 'http://localhost/iftheshoefitz/wp-content/plugins/wp-reset//js/',
  'api_ver' => 'v1/',
  'valid_forever' => '2035-01-01',
  'unlimited_installs' => 99999,
  'debug' => true,
  'filesystem_initialized' => false,
)

[Tue, 23 Sep 2025 00:53:07 +0000] wpr: __construct
array (
  'prefix' => 'wpr',
  'licensing_servers' => 
  array (
    0 => 'https://dashboard.wpreset.com/api/',
  ),
  'version' => '2.05',
  'plugin_file' => 'C:\\xampp\\htdocs\\iftheshoefitz\\wp-content\\plugins\\wp-reset\\wp-reset.php',
  'plugin_page' => 'tools_page_wp-reset',
  'skip_hooks' => false,
  'debug' => true,
  'js_folder' => 'http://localhost/iftheshoefitz/wp-content/plugins/wp-reset//js/',
)
array (
  'prefix' => 'wpr',
  'licensing_servers' => 
  array (
    0 => 'https://dashboard.wpreset.com/api/',
  ),
  'version' => '2.05',
  'slug' => 'wp-reset',
  'basename' => 'wp-reset/wp-reset.php',
  'plugin_page' => 'tools_page_wp-reset',
  'plugin_file' => 'C:\\xampp\\htdocs\\iftheshoefitz\\wp-content\\plugins\\wp-reset\\wp-reset.php',
  'js_folder' => 'http://localhost/iftheshoefitz/wp-content/plugins/wp-reset//js/',
  'api_ver' => 'v1/',
  'valid_forever' => '2035-01-01',
  'unlimited_installs' => 99999,
  'debug' => true,
  'filesystem_initialized' => false,
)

[Tue, 23 Sep 2025 00:53:07 +0000] wpr: __construct
array (
  'prefix' => 'wpr',
  'licensing_servers' => 
  array (
    0 => 'https://dashboard.wpreset.com/api/',
  ),
  'version' => '2.05',
  'plugin_file' => 'C:\\xampp\\htdocs\\iftheshoefitz\\wp-content\\plugins\\wp-reset\\wp-reset.php',
  'plugin_page' => 'tools_page_wp-reset',
  'skip_hooks' => false,
  'debug' => true,
  'js_folder' => 'http://localhost/iftheshoefitz/wp-content/plugins/wp-reset//js/',
)
array (
  'prefix' => 'wpr',
  'licensing_servers' => 
  array (
    0 => 'https://dashboard.wpreset.com/api/',
  ),
  'version' => '2.05',
  'slug' => 'wp-reset',
  'basename' => 'wp-reset/wp-reset.php',
  'plugin_page' => 'tools_page_wp-reset',
  'plugin_file' => 'C:\\xampp\\htdocs\\iftheshoefitz\\wp-content\\plugins\\wp-reset\\wp-reset.php',
  'js_folder' => 'http://localhost/iftheshoefitz/wp-content/plugins/wp-reset//js/',
  'api_ver' => 'v1/',
  'valid_forever' => '2035-01-01',
  'unlimited_installs' => 99999,
  'debug' => true,
  'filesystem_initialized' => false,
)

[Tue, 23 Sep 2025 00:53:09 +0000] wpr: __construct
array (
  'prefix' => 'wpr',
  'licensing_servers' => 
  array (
    0 => 'https://dashboard.wpreset.com/api/',
  ),
  'version' => '2.05',
  'plugin_file' => 'C:\\xampp\\htdocs\\iftheshoefitz\\wp-content\\plugins\\wp-reset\\wp-reset.php',
  'plugin_page' => 'tools_page_wp-reset',
  'skip_hooks' => false,
  'debug' => true,
  'js_folder' => 'http://localhost/iftheshoefitz/wp-content/plugins/wp-reset//js/',
)
array (
  'prefix' => 'wpr',
  'licensing_servers' => 
  array (
    0 => 'https://dashboard.wpreset.com/api/',
  ),
  'version' => '2.05',
  'slug' => 'wp-reset',
  'basename' => 'wp-reset/wp-reset.php',
  'plugin_page' => 'tools_page_wp-reset',
  'plugin_file' => 'C:\\xampp\\htdocs\\iftheshoefitz\\wp-content\\plugins\\wp-reset\\wp-reset.php',
  'js_folder' => 'http://localhost/iftheshoefitz/wp-content/plugins/wp-reset//js/',
  'api_ver' => 'v1/',
  'valid_forever' => '2035-01-01',
  'unlimited_installs' => 99999,
  'debug' => true,
  'filesystem_initialized' => false,
)

[Tue, 23 Sep 2025 00:53:10 +0000] wpr: __construct
array (
  'prefix' => 'wpr',
  'licensing_servers' => 
  array (
    0 => 'https://dashboard.wpreset.com/api/',
  ),
  'version' => '2.05',
  'plugin_file' => 'C:\\xampp\\htdocs\\iftheshoefitz\\wp-content\\plugins\\wp-reset\\wp-reset.php',
  'plugin_page' => 'tools_page_wp-reset',
  'skip_hooks' => false,
  'debug' => true,
  'js_folder' => 'http://localhost/iftheshoefitz/wp-content/plugins/wp-reset//js/',
)
array (
  'prefix' => 'wpr',
  'licensing_servers' => 
  array (
    0 => 'https://dashboard.wpreset.com/api/',
  ),
  'version' => '2.05',
  'slug' => 'wp-reset',
  'basename' => 'wp-reset/wp-reset.php',
  'plugin_page' => 'tools_page_wp-reset',
  'plugin_file' => 'C:\\xampp\\htdocs\\iftheshoefitz\\wp-content\\plugins\\wp-reset\\wp-reset.php',
  'js_folder' => 'http://localhost/iftheshoefitz/wp-content/plugins/wp-reset//js/',
  'api_ver' => 'v1/',
  'valid_forever' => '2035-01-01',
  'unlimited_installs' => 99999,
  'debug' => true,
  'filesystem_initialized' => false,
)

[Tue, 23 Sep 2025 00:53:15 +0000] wpr: __construct
array (
  'prefix' => 'wpr',
  'licensing_servers' => 
  array (
    0 => 'https://dashboard.wpreset.com/api/',
  ),
  'version' => '2.05',
  'plugin_file' => 'C:\\xampp\\htdocs\\iftheshoefitz\\wp-content\\plugins\\wp-reset\\wp-reset.php',
  'plugin_page' => 'tools_page_wp-reset',
  'skip_hooks' => false,
  'debug' => true,
  'js_folder' => 'http://localhost/iftheshoefitz/wp-content/plugins/wp-reset//js/',
)
array (
  'prefix' => 'wpr',
  'licensing_servers' => 
  array (
    0 => 'https://dashboard.wpreset.com/api/',
  ),
  'version' => '2.05',
  'slug' => 'wp-reset',
  'basename' => 'wp-reset/wp-reset.php',
  'plugin_page' => 'tools_page_wp-reset',
  'plugin_file' => 'C:\\xampp\\htdocs\\iftheshoefitz\\wp-content\\plugins\\wp-reset\\wp-reset.php',
  'js_folder' => 'http://localhost/iftheshoefitz/wp-content/plugins/wp-reset//js/',
  'api_ver' => 'v1/',
  'valid_forever' => '2035-01-01',
  'unlimited_installs' => 99999,
  'debug' => true,
  'filesystem_initialized' => false,
)

[Tue, 23 Sep 2025 00:53:15 +0000] wpr: __construct
array (
  'prefix' => 'wpr',
  'licensing_servers' => 
  array (
    0 => 'https://dashboard.wpreset.com/api/',
  ),
  'version' => '2.05',
  'plugin_file' => 'C:\\xampp\\htdocs\\iftheshoefitz\\wp-content\\plugins\\wp-reset\\wp-reset.php',
  'plugin_page' => 'tools_page_wp-reset',
  'skip_hooks' => false,
  'debug' => true,
  'js_folder' => 'http://localhost/iftheshoefitz/wp-content/plugins/wp-reset//js/',
)
array (
  'prefix' => 'wpr',
  'licensing_servers' => 
  array (
    0 => 'https://dashboard.wpreset.com/api/',
  ),
  'version' => '2.05',
  'slug' => 'wp-reset',
  'basename' => 'wp-reset/wp-reset.php',
  'plugin_page' => 'tools_page_wp-reset',
  'plugin_file' => 'C:\\xampp\\htdocs\\iftheshoefitz\\wp-content\\plugins\\wp-reset\\wp-reset.php',
  'js_folder' => 'http://localhost/iftheshoefitz/wp-content/plugins/wp-reset//js/',
  'api_ver' => 'v1/',
  'valid_forever' => '2035-01-01',
  'unlimited_installs' => 99999,
  'debug' => true,
  'filesystem_initialized' => false,
)

[Tue, 23 Sep 2025 00:53:16 +0000] wpr: __construct
array (
  'prefix' => 'wpr',
  'licensing_servers' => 
  array (
    0 => 'https://dashboard.wpreset.com/api/',
  ),
  'version' => '2.05',
  'plugin_file' => 'C:\\xampp\\htdocs\\iftheshoefitz\\wp-content\\plugins\\wp-reset\\wp-reset.php',
  'plugin_page' => 'tools_page_wp-reset',
  'skip_hooks' => false,
  'debug' => true,
  'js_folder' => 'http://localhost/iftheshoefitz/wp-content/plugins/wp-reset//js/',
)
array (
  'prefix' => 'wpr',
  'licensing_servers' => 
  array (
    0 => 'https://dashboard.wpreset.com/api/',
  ),
  'version' => '2.05',
  'slug' => 'wp-reset',
  'basename' => 'wp-reset/wp-reset.php',
  'plugin_page' => 'tools_page_wp-reset',
  'plugin_file' => 'C:\\xampp\\htdocs\\iftheshoefitz\\wp-content\\plugins\\wp-reset\\wp-reset.php',
  'js_folder' => 'http://localhost/iftheshoefitz/wp-content/plugins/wp-reset//js/',
  'api_ver' => 'v1/',
  'valid_forever' => '2035-01-01',
  'unlimited_installs' => 99999,
  'debug' => true,
  'filesystem_initialized' => false,
)

[Tue, 23 Sep 2025 00:53:18 +0000] wpr: __construct
array (
  'prefix' => 'wpr',
  'licensing_servers' => 
  array (
    0 => 'https://dashboard.wpreset.com/api/',
  ),
  'version' => '2.05',
  'plugin_file' => 'C:\\xampp\\htdocs\\iftheshoefitz\\wp-content\\plugins\\wp-reset\\wp-reset.php',
  'plugin_page' => 'tools_page_wp-reset',
  'skip_hooks' => false,
  'debug' => true,
  'js_folder' => 'http://localhost/iftheshoefitz/wp-content/plugins/wp-reset//js/',
)
array (
  'prefix' => 'wpr',
  'licensing_servers' => 
  array (
    0 => 'https://dashboard.wpreset.com/api/',
  ),
  'version' => '2.05',
  'slug' => 'wp-reset',
  'basename' => 'wp-reset/wp-reset.php',
  'plugin_page' => 'tools_page_wp-reset',
  'plugin_file' => 'C:\\xampp\\htdocs\\iftheshoefitz\\wp-content\\plugins\\wp-reset\\wp-reset.php',
  'js_folder' => 'http://localhost/iftheshoefitz/wp-content/plugins/wp-reset//js/',
  'api_ver' => 'v1/',
  'valid_forever' => '2035-01-01',
  'unlimited_installs' => 99999,
  'debug' => true,
  'filesystem_initialized' => false,
)

[Tue, 23 Sep 2025 00:53:22 +0000] wpr: __construct
array (
  'prefix' => 'wpr',
  'licensing_servers' => 
  array (
    0 => 'https://dashboard.wpreset.com/api/',
  ),
  'version' => '2.05',
  'plugin_file' => 'C:\\xampp\\htdocs\\iftheshoefitz\\wp-content\\plugins\\wp-reset\\wp-reset.php',
  'plugin_page' => 'tools_page_wp-reset',
  'skip_hooks' => false,
  'debug' => true,
  'js_folder' => 'http://localhost/iftheshoefitz/wp-content/plugins/wp-reset//js/',
)
array (
  'prefix' => 'wpr',
  'licensing_servers' => 
  array (
    0 => 'https://dashboard.wpreset.com/api/',
  ),
  'version' => '2.05',
  'slug' => 'wp-reset',
  'basename' => 'wp-reset/wp-reset.php',
  'plugin_page' => 'tools_page_wp-reset',
  'plugin_file' => 'C:\\xampp\\htdocs\\iftheshoefitz\\wp-content\\plugins\\wp-reset\\wp-reset.php',
  'js_folder' => 'http://localhost/iftheshoefitz/wp-content/plugins/wp-reset//js/',
  'api_ver' => 'v1/',
  'valid_forever' => '2035-01-01',
  'unlimited_installs' => 99999,
  'debug' => true,
  'filesystem_initialized' => false,
)

[Tue, 23 Sep 2025 00:53:23 +0000] wpr: __construct
array (
  'prefix' => 'wpr',
  'licensing_servers' => 
  array (
    0 => 'https://dashboard.wpreset.com/api/',
  ),
  'version' => '2.05',
  'plugin_file' => 'C:\\xampp\\htdocs\\iftheshoefitz\\wp-content\\plugins\\wp-reset\\wp-reset.php',
  'plugin_page' => 'tools_page_wp-reset',
  'skip_hooks' => false,
  'debug' => true,
  'js_folder' => 'http://localhost/iftheshoefitz/wp-content/plugins/wp-reset//js/',
)
array (
  'prefix' => 'wpr',
  'licensing_servers' => 
  array (
    0 => 'https://dashboard.wpreset.com/api/',
  ),
  'version' => '2.05',
  'slug' => 'wp-reset',
  'basename' => 'wp-reset/wp-reset.php',
  'plugin_page' => 'tools_page_wp-reset',
  'plugin_file' => 'C:\\xampp\\htdocs\\iftheshoefitz\\wp-content\\plugins\\wp-reset\\wp-reset.php',
  'js_folder' => 'http://localhost/iftheshoefitz/wp-content/plugins/wp-reset//js/',
  'api_ver' => 'v1/',
  'valid_forever' => '2035-01-01',
  'unlimited_installs' => 99999,
  'debug' => true,
  'filesystem_initialized' => false,
)

[Tue, 23 Sep 2025 00:53:26 +0000] wpr: __construct
array (
  'prefix' => 'wpr',
  'licensing_servers' => 
  array (
    0 => 'https://dashboard.wpreset.com/api/',
  ),
  'version' => '2.05',
  'plugin_file' => 'C:\\xampp\\htdocs\\iftheshoefitz\\wp-content\\plugins\\wp-reset\\wp-reset.php',
  'plugin_page' => 'tools_page_wp-reset',
  'skip_hooks' => false,
  'debug' => true,
  'js_folder' => 'http://localhost/iftheshoefitz/wp-content/plugins/wp-reset//js/',
)
array (
  'prefix' => 'wpr',
  'licensing_servers' => 
  array (
    0 => 'https://dashboard.wpreset.com/api/',
  ),
  'version' => '2.05',
  'slug' => 'wp-reset',
  'basename' => 'wp-reset/wp-reset.php',
  'plugin_page' => 'tools_page_wp-reset',
  'plugin_file' => 'C:\\xampp\\htdocs\\iftheshoefitz\\wp-content\\plugins\\wp-reset\\wp-reset.php',
  'js_folder' => 'http://localhost/iftheshoefitz/wp-content/plugins/wp-reset//js/',
  'api_ver' => 'v1/',
  'valid_forever' => '2035-01-01',
  'unlimited_installs' => 99999,
  'debug' => true,
  'filesystem_initialized' => false,
)

[Tue, 23 Sep 2025 00:53:29 +0000] wpr: __construct
array (
  'prefix' => 'wpr',
  'licensing_servers' => 
  array (
    0 => 'https://dashboard.wpreset.com/api/',
  ),
  'version' => '2.05',
  'plugin_file' => 'C:\\xampp\\htdocs\\iftheshoefitz\\wp-content\\plugins\\wp-reset\\wp-reset.php',
  'plugin_page' => 'tools_page_wp-reset',
  'skip_hooks' => false,
  'debug' => true,
  'js_folder' => 'http://localhost/iftheshoefitz/wp-content/plugins/wp-reset//js/',
)
array (
  'prefix' => 'wpr',
  'licensing_servers' => 
  array (
    0 => 'https://dashboard.wpreset.com/api/',
  ),
  'version' => '2.05',
  'slug' => 'wp-reset',
  'basename' => 'wp-reset/wp-reset.php',
  'plugin_page' => 'tools_page_wp-reset',
  'plugin_file' => 'C:\\xampp\\htdocs\\iftheshoefitz\\wp-content\\plugins\\wp-reset\\wp-reset.php',
  'js_folder' => 'http://localhost/iftheshoefitz/wp-content/plugins/wp-reset//js/',
  'api_ver' => 'v1/',
  'valid_forever' => '2035-01-01',
  'unlimited_installs' => 99999,
  'debug' => true,
  'filesystem_initialized' => false,
)

[Tue, 23 Sep 2025 00:53:30 +0000] wpr: __construct
array (
  'prefix' => 'wpr',
  'licensing_servers' => 
  array (
    0 => 'https://dashboard.wpreset.com/api/',
  ),
  'version' => '2.05',
  'plugin_file' => 'C:\\xampp\\htdocs\\iftheshoefitz\\wp-content\\plugins\\wp-reset\\wp-reset.php',
  'plugin_page' => 'tools_page_wp-reset',
  'skip_hooks' => false,
  'debug' => true,
  'js_folder' => 'http://localhost/iftheshoefitz/wp-content/plugins/wp-reset//js/',
)
array (
  'prefix' => 'wpr',
  'licensing_servers' => 
  array (
    0 => 'https://dashboard.wpreset.com/api/',
  ),
  'version' => '2.05',
  'slug' => 'wp-reset',
  'basename' => 'wp-reset/wp-reset.php',
  'plugin_page' => 'tools_page_wp-reset',
  'plugin_file' => 'C:\\xampp\\htdocs\\iftheshoefitz\\wp-content\\plugins\\wp-reset\\wp-reset.php',
  'js_folder' => 'http://localhost/iftheshoefitz/wp-content/plugins/wp-reset//js/',
  'api_ver' => 'v1/',
  'valid_forever' => '2035-01-01',
  'unlimited_installs' => 99999,
  'debug' => true,
  'filesystem_initialized' => false,
)

[Tue, 23 Sep 2025 00:53:33 +0000] wpr: __construct
array (
  'prefix' => 'wpr',
  'licensing_servers' => 
  array (
    0 => 'https://dashboard.wpreset.com/api/',
  ),
  'version' => '2.05',
  'plugin_file' => 'C:\\xampp\\htdocs\\iftheshoefitz\\wp-content\\plugins\\wp-reset\\wp-reset.php',
  'plugin_page' => 'tools_page_wp-reset',
  'skip_hooks' => false,
  'debug' => true,
  'js_folder' => 'http://localhost/iftheshoefitz/wp-content/plugins/wp-reset//js/',
)
array (
  'prefix' => 'wpr',
  'licensing_servers' => 
  array (
    0 => 'https://dashboard.wpreset.com/api/',
  ),
  'version' => '2.05',
  'slug' => 'wp-reset',
  'basename' => 'wp-reset/wp-reset.php',
  'plugin_page' => 'tools_page_wp-reset',
  'plugin_file' => 'C:\\xampp\\htdocs\\iftheshoefitz\\wp-content\\plugins\\wp-reset\\wp-reset.php',
  'js_folder' => 'http://localhost/iftheshoefitz/wp-content/plugins/wp-reset//js/',
  'api_ver' => 'v1/',
  'valid_forever' => '2035-01-01',
  'unlimited_installs' => 99999,
  'debug' => true,
  'filesystem_initialized' => false,
)

[Tue, 23 Sep 2025 00:53:36 +0000] wpr: __construct
array (
  'prefix' => 'wpr',
  'licensing_servers' => 
  array (
    0 => 'https://dashboard.wpreset.com/api/',
  ),
  'version' => '2.05',
  'plugin_file' => 'C:\\xampp\\htdocs\\iftheshoefitz\\wp-content\\plugins\\wp-reset\\wp-reset.php',
  'plugin_page' => 'tools_page_wp-reset',
  'skip_hooks' => false,
  'debug' => true,
  'js_folder' => 'http://localhost/iftheshoefitz/wp-content/plugins/wp-reset//js/',
)
array (
  'prefix' => 'wpr',
  'licensing_servers' => 
  array (
    0 => 'https://dashboard.wpreset.com/api/',
  ),
  'version' => '2.05',
  'slug' => 'wp-reset',
  'basename' => 'wp-reset/wp-reset.php',
  'plugin_page' => 'tools_page_wp-reset',
  'plugin_file' => 'C:\\xampp\\htdocs\\iftheshoefitz\\wp-content\\plugins\\wp-reset\\wp-reset.php',
  'js_folder' => 'http://localhost/iftheshoefitz/wp-content/plugins/wp-reset//js/',
  'api_ver' => 'v1/',
  'valid_forever' => '2035-01-01',
  'unlimited_installs' => 99999,
  'debug' => true,
  'filesystem_initialized' => false,
)

[Tue, 23 Sep 2025 00:53:38 +0000] wpr: __construct
array (
  'prefix' => 'wpr',
  'licensing_servers' => 
  array (
    0 => 'https://dashboard.wpreset.com/api/',
  ),
  'version' => '2.05',
  'plugin_file' => 'C:\\xampp\\htdocs\\iftheshoefitz\\wp-content\\plugins\\wp-reset\\wp-reset.php',
  'plugin_page' => 'tools_page_wp-reset',
  'skip_hooks' => false,
  'debug' => true,
  'js_folder' => 'http://localhost/iftheshoefitz/wp-content/plugins/wp-reset//js/',
)
array (
  'prefix' => 'wpr',
  'licensing_servers' => 
  array (
    0 => 'https://dashboard.wpreset.com/api/',
  ),
  'version' => '2.05',
  'slug' => 'wp-reset',
  'basename' => 'wp-reset/wp-reset.php',
  'plugin_page' => 'tools_page_wp-reset',
  'plugin_file' => 'C:\\xampp\\htdocs\\iftheshoefitz\\wp-content\\plugins\\wp-reset\\wp-reset.php',
  'js_folder' => 'http://localhost/iftheshoefitz/wp-content/plugins/wp-reset//js/',
  'api_ver' => 'v1/',
  'valid_forever' => '2035-01-01',
  'unlimited_installs' => 99999,
  'debug' => true,
  'filesystem_initialized' => false,
)

[Tue, 23 Sep 2025 00:53:39 +0000] wpr: __construct
array (
  'prefix' => 'wpr',
  'licensing_servers' => 
  array (
    0 => 'https://dashboard.wpreset.com/api/',
  ),
  'version' => '2.05',
  'plugin_file' => 'C:\\xampp\\htdocs\\iftheshoefitz\\wp-content\\plugins\\wp-reset\\wp-reset.php',
  'plugin_page' => 'tools_page_wp-reset',
  'skip_hooks' => false,
  'debug' => true,
  'js_folder' => 'http://localhost/iftheshoefitz/wp-content/plugins/wp-reset//js/',
)
array (
  'prefix' => 'wpr',
  'licensing_servers' => 
  array (
    0 => 'https://dashboard.wpreset.com/api/',
  ),
  'version' => '2.05',
  'slug' => 'wp-reset',
  'basename' => 'wp-reset/wp-reset.php',
  'plugin_page' => 'tools_page_wp-reset',
  'plugin_file' => 'C:\\xampp\\htdocs\\iftheshoefitz\\wp-content\\plugins\\wp-reset\\wp-reset.php',
  'js_folder' => 'http://localhost/iftheshoefitz/wp-content/plugins/wp-reset//js/',
  'api_ver' => 'v1/',
  'valid_forever' => '2035-01-01',
  'unlimited_installs' => 99999,
  'debug' => true,
  'filesystem_initialized' => false,
)

[Tue, 23 Sep 2025 00:53:40 +0000] wpr: __construct
array (
  'prefix' => 'wpr',
  'licensing_servers' => 
  array (
    0 => 'https://dashboard.wpreset.com/api/',
  ),
  'version' => '2.05',
  'plugin_file' => 'C:\\xampp\\htdocs\\iftheshoefitz\\wp-content\\plugins\\wp-reset\\wp-reset.php',
  'plugin_page' => 'tools_page_wp-reset',
  'skip_hooks' => false,
  'debug' => true,
  'js_folder' => 'http://localhost/iftheshoefitz/wp-content/plugins/wp-reset//js/',
)
array (
  'prefix' => 'wpr',
  'licensing_servers' => 
  array (
    0 => 'https://dashboard.wpreset.com/api/',
  ),
  'version' => '2.05',
  'slug' => 'wp-reset',
  'basename' => 'wp-reset/wp-reset.php',
  'plugin_page' => 'tools_page_wp-reset',
  'plugin_file' => 'C:\\xampp\\htdocs\\iftheshoefitz\\wp-content\\plugins\\wp-reset\\wp-reset.php',
  'js_folder' => 'http://localhost/iftheshoefitz/wp-content/plugins/wp-reset//js/',
  'api_ver' => 'v1/',
  'valid_forever' => '2035-01-01',
  'unlimited_installs' => 99999,
  'debug' => true,
  'filesystem_initialized' => false,
)

[Tue, 23 Sep 2025 00:53:42 +0000] wpr: __construct
array (
  'prefix' => 'wpr',
  'licensing_servers' => 
  array (
    0 => 'https://dashboard.wpreset.com/api/',
  ),
  'version' => '2.05',
  'plugin_file' => 'C:\\xampp\\htdocs\\iftheshoefitz\\wp-content\\plugins\\wp-reset\\wp-reset.php',
  'plugin_page' => 'tools_page_wp-reset',
  'skip_hooks' => false,
  'debug' => true,
  'js_folder' => 'http://localhost/iftheshoefitz/wp-content/plugins/wp-reset//js/',
)
array (
  'prefix' => 'wpr',
  'licensing_servers' => 
  array (
    0 => 'https://dashboard.wpreset.com/api/',
  ),
  'version' => '2.05',
  'slug' => 'wp-reset',
  'basename' => 'wp-reset/wp-reset.php',
  'plugin_page' => 'tools_page_wp-reset',
  'plugin_file' => 'C:\\xampp\\htdocs\\iftheshoefitz\\wp-content\\plugins\\wp-reset\\wp-reset.php',
  'js_folder' => 'http://localhost/iftheshoefitz/wp-content/plugins/wp-reset//js/',
  'api_ver' => 'v1/',
  'valid_forever' => '2035-01-01',
  'unlimited_installs' => 99999,
  'debug' => true,
  'filesystem_initialized' => false,
)

[Tue, 23 Sep 2025 00:53:43 +0000] wpr: __construct
array (
  'prefix' => 'wpr',
  'licensing_servers' => 
  array (
    0 => 'https://dashboard.wpreset.com/api/',
  ),
  'version' => '2.05',
  'plugin_file' => 'C:\\xampp\\htdocs\\iftheshoefitz\\wp-content\\plugins\\wp-reset\\wp-reset.php',
  'plugin_page' => 'tools_page_wp-reset',
  'skip_hooks' => false,
  'debug' => true,
  'js_folder' => 'http://localhost/iftheshoefitz/wp-content/plugins/wp-reset//js/',
)
array (
  'prefix' => 'wpr',
  'licensing_servers' => 
  array (
    0 => 'https://dashboard.wpreset.com/api/',
  ),
  'version' => '2.05',
  'slug' => 'wp-reset',
  'basename' => 'wp-reset/wp-reset.php',
  'plugin_page' => 'tools_page_wp-reset',
  'plugin_file' => 'C:\\xampp\\htdocs\\iftheshoefitz\\wp-content\\plugins\\wp-reset\\wp-reset.php',
  'js_folder' => 'http://localhost/iftheshoefitz/wp-content/plugins/wp-reset//js/',
  'api_ver' => 'v1/',
  'valid_forever' => '2035-01-01',
  'unlimited_installs' => 99999,
  'debug' => true,
  'filesystem_initialized' => false,
)

[Tue, 23 Sep 2025 00:53:45 +0000] wpr: __construct
array (
  'prefix' => 'wpr',
  'licensing_servers' => 
  array (
    0 => 'https://dashboard.wpreset.com/api/',
  ),
  'version' => '2.05',
  'plugin_file' => 'C:\\xampp\\htdocs\\iftheshoefitz\\wp-content\\plugins\\wp-reset\\wp-reset.php',
  'plugin_page' => 'tools_page_wp-reset',
  'skip_hooks' => false,
  'debug' => true,
  'js_folder' => 'http://localhost/iftheshoefitz/wp-content/plugins/wp-reset//js/',
)
array (
  'prefix' => 'wpr',
  'licensing_servers' => 
  array (
    0 => 'https://dashboard.wpreset.com/api/',
  ),
  'version' => '2.05',
  'slug' => 'wp-reset',
  'basename' => 'wp-reset/wp-reset.php',
  'plugin_page' => 'tools_page_wp-reset',
  'plugin_file' => 'C:\\xampp\\htdocs\\iftheshoefitz\\wp-content\\plugins\\wp-reset\\wp-reset.php',
  'js_folder' => 'http://localhost/iftheshoefitz/wp-content/plugins/wp-reset//js/',
  'api_ver' => 'v1/',
  'valid_forever' => '2035-01-01',
  'unlimited_installs' => 99999,
  'debug' => true,
  'filesystem_initialized' => false,
)

[Tue, 23 Sep 2025 00:53:46 +0000] wpr: __construct
array (
  'prefix' => 'wpr',
  'licensing_servers' => 
  array (
    0 => 'https://dashboard.wpreset.com/api/',
  ),
  'version' => '2.05',
  'plugin_file' => 'C:\\xampp\\htdocs\\iftheshoefitz\\wp-content\\plugins\\wp-reset\\wp-reset.php',
  'plugin_page' => 'tools_page_wp-reset',
  'skip_hooks' => false,
  'debug' => true,
  'js_folder' => 'http://localhost/iftheshoefitz/wp-content/plugins/wp-reset//js/',
)
array (
  'prefix' => 'wpr',
  'licensing_servers' => 
  array (
    0 => 'https://dashboard.wpreset.com/api/',
  ),
  'version' => '2.05',
  'slug' => 'wp-reset',
  'basename' => 'wp-reset/wp-reset.php',
  'plugin_page' => 'tools_page_wp-reset',
  'plugin_file' => 'C:\\xampp\\htdocs\\iftheshoefitz\\wp-content\\plugins\\wp-reset\\wp-reset.php',
  'js_folder' => 'http://localhost/iftheshoefitz/wp-content/plugins/wp-reset//js/',
  'api_ver' => 'v1/',
  'valid_forever' => '2035-01-01',
  'unlimited_installs' => 99999,
  'debug' => true,
  'filesystem_initialized' => false,
)

[Tue, 23 Sep 2025 00:53:46 +0000] wpr: __construct
array (
  'prefix' => 'wpr',
  'licensing_servers' => 
  array (
    0 => 'https://dashboard.wpreset.com/api/',
  ),
  'version' => '2.05',
  'plugin_file' => 'C:\\xampp\\htdocs\\iftheshoefitz\\wp-content\\plugins\\wp-reset\\wp-reset.php',
  'plugin_page' => 'tools_page_wp-reset',
  'skip_hooks' => false,
  'debug' => true,
  'js_folder' => 'http://localhost/iftheshoefitz/wp-content/plugins/wp-reset//js/',
)
array (
  'prefix' => 'wpr',
  'licensing_servers' => 
  array (
    0 => 'https://dashboard.wpreset.com/api/',
  ),
  'version' => '2.05',
  'slug' => 'wp-reset',
  'basename' => 'wp-reset/wp-reset.php',
  'plugin_page' => 'tools_page_wp-reset',
  'plugin_file' => 'C:\\xampp\\htdocs\\iftheshoefitz\\wp-content\\plugins\\wp-reset\\wp-reset.php',
  'js_folder' => 'http://localhost/iftheshoefitz/wp-content/plugins/wp-reset//js/',
  'api_ver' => 'v1/',
  'valid_forever' => '2035-01-01',
  'unlimited_installs' => 99999,
  'debug' => true,
  'filesystem_initialized' => false,
)

[Tue, 23 Sep 2025 00:53:49 +0000] wpr: __construct
array (
  'prefix' => 'wpr',
  'licensing_servers' => 
  array (
    0 => 'https://dashboard.wpreset.com/api/',
  ),
  'version' => '2.05',
  'plugin_file' => 'C:\\xampp\\htdocs\\iftheshoefitz\\wp-content\\plugins\\wp-reset\\wp-reset.php',
  'plugin_page' => 'tools_page_wp-reset',
  'skip_hooks' => false,
  'debug' => true,
  'js_folder' => 'http://localhost/iftheshoefitz/wp-content/plugins/wp-reset//js/',
)
array (
  'prefix' => 'wpr',
  'licensing_servers' => 
  array (
    0 => 'https://dashboard.wpreset.com/api/',
  ),
  'version' => '2.05',
  'slug' => 'wp-reset',
  'basename' => 'wp-reset/wp-reset.php',
  'plugin_page' => 'tools_page_wp-reset',
  'plugin_file' => 'C:\\xampp\\htdocs\\iftheshoefitz\\wp-content\\plugins\\wp-reset\\wp-reset.php',
  'js_folder' => 'http://localhost/iftheshoefitz/wp-content/plugins/wp-reset//js/',
  'api_ver' => 'v1/',
  'valid_forever' => '2035-01-01',
  'unlimited_installs' => 99999,
  'debug' => true,
  'filesystem_initialized' => false,
)

[Tue, 23 Sep 2025 00:53:52 +0000] wpr: __construct
array (
  'prefix' => 'wpr',
  'licensing_servers' => 
  array (
    0 => 'https://dashboard.wpreset.com/api/',
  ),
  'version' => '2.05',
  'plugin_file' => 'C:\\xampp\\htdocs\\iftheshoefitz\\wp-content\\plugins\\wp-reset\\wp-reset.php',
  'plugin_page' => 'tools_page_wp-reset',
  'skip_hooks' => false,
  'debug' => true,
  'js_folder' => 'http://localhost/iftheshoefitz/wp-content/plugins/wp-reset//js/',
)
array (
  'prefix' => 'wpr',
  'licensing_servers' => 
  array (
    0 => 'https://dashboard.wpreset.com/api/',
  ),
  'version' => '2.05',
  'slug' => 'wp-reset',
  'basename' => 'wp-reset/wp-reset.php',
  'plugin_page' => 'tools_page_wp-reset',
  'plugin_file' => 'C:\\xampp\\htdocs\\iftheshoefitz\\wp-content\\plugins\\wp-reset\\wp-reset.php',
  'js_folder' => 'http://localhost/iftheshoefitz/wp-content/plugins/wp-reset//js/',
  'api_ver' => 'v1/',
  'valid_forever' => '2035-01-01',
  'unlimited_installs' => 99999,
  'debug' => true,
  'filesystem_initialized' => false,
)

[Tue, 23 Sep 2025 00:53:54 +0000] wpr: __construct
array (
  'prefix' => 'wpr',
  'licensing_servers' => 
  array (
    0 => 'https://dashboard.wpreset.com/api/',
  ),
  'version' => '2.05',
  'plugin_file' => 'C:\\xampp\\htdocs\\iftheshoefitz\\wp-content\\plugins\\wp-reset\\wp-reset.php',
  'plugin_page' => 'tools_page_wp-reset',
  'skip_hooks' => false,
  'debug' => true,
  'js_folder' => 'http://localhost/iftheshoefitz/wp-content/plugins/wp-reset//js/',
)
array (
  'prefix' => 'wpr',
  'licensing_servers' => 
  array (
    0 => 'https://dashboard.wpreset.com/api/',
  ),
  'version' => '2.05',
  'slug' => 'wp-reset',
  'basename' => 'wp-reset/wp-reset.php',
  'plugin_page' => 'tools_page_wp-reset',
  'plugin_file' => 'C:\\xampp\\htdocs\\iftheshoefitz\\wp-content\\plugins\\wp-reset\\wp-reset.php',
  'js_folder' => 'http://localhost/iftheshoefitz/wp-content/plugins/wp-reset//js/',
  'api_ver' => 'v1/',
  'valid_forever' => '2035-01-01',
  'unlimited_installs' => 99999,
  'debug' => true,
  'filesystem_initialized' => false,
)

[Tue, 23 Sep 2025 00:53:56 +0000] wpr: __construct
array (
  'prefix' => 'wpr',
  'licensing_servers' => 
  array (
    0 => 'https://dashboard.wpreset.com/api/',
  ),
  'version' => '2.05',
  'plugin_file' => 'C:\\xampp\\htdocs\\iftheshoefitz\\wp-content\\plugins\\wp-reset\\wp-reset.php',
  'plugin_page' => 'tools_page_wp-reset',
  'skip_hooks' => false,
  'debug' => true,
  'js_folder' => 'http://localhost/iftheshoefitz/wp-content/plugins/wp-reset//js/',
)
array (
  'prefix' => 'wpr',
  'licensing_servers' => 
  array (
    0 => 'https://dashboard.wpreset.com/api/',
  ),
  'version' => '2.05',
  'slug' => 'wp-reset',
  'basename' => 'wp-reset/wp-reset.php',
  'plugin_page' => 'tools_page_wp-reset',
  'plugin_file' => 'C:\\xampp\\htdocs\\iftheshoefitz\\wp-content\\plugins\\wp-reset\\wp-reset.php',
  'js_folder' => 'http://localhost/iftheshoefitz/wp-content/plugins/wp-reset//js/',
  'api_ver' => 'v1/',
  'valid_forever' => '2035-01-01',
  'unlimited_installs' => 99999,
  'debug' => true,
  'filesystem_initialized' => false,
)

[Tue, 23 Sep 2025 00:53:58 +0000] wpr: __construct
array (
  'prefix' => 'wpr',
  'licensing_servers' => 
  array (
    0 => 'https://dashboard.wpreset.com/api/',
  ),
  'version' => '2.05',
  'plugin_file' => 'C:\\xampp\\htdocs\\iftheshoefitz\\wp-content\\plugins\\wp-reset\\wp-reset.php',
  'plugin_page' => 'tools_page_wp-reset',
  'skip_hooks' => false,
  'debug' => true,
  'js_folder' => 'http://localhost/iftheshoefitz/wp-content/plugins/wp-reset//js/',
)
array (
  'prefix' => 'wpr',
  'licensing_servers' => 
  array (
    0 => 'https://dashboard.wpreset.com/api/',
  ),
  'version' => '2.05',
  'slug' => 'wp-reset',
  'basename' => 'wp-reset/wp-reset.php',
  'plugin_page' => 'tools_page_wp-reset',
  'plugin_file' => 'C:\\xampp\\htdocs\\iftheshoefitz\\wp-content\\plugins\\wp-reset\\wp-reset.php',
  'js_folder' => 'http://localhost/iftheshoefitz/wp-content/plugins/wp-reset//js/',
  'api_ver' => 'v1/',
  'valid_forever' => '2035-01-01',
  'unlimited_installs' => 99999,
  'debug' => true,
  'filesystem_initialized' => false,
)

[Tue, 23 Sep 2025 00:54:00 +0000] wpr: __construct
array (
  'prefix' => 'wpr',
  'licensing_servers' => 
  array (
    0 => 'https://dashboard.wpreset.com/api/',
  ),
  'version' => '2.05',
  'plugin_file' => 'C:\\xampp\\htdocs\\iftheshoefitz\\wp-content\\plugins\\wp-reset\\wp-reset.php',
  'plugin_page' => 'tools_page_wp-reset',
  'skip_hooks' => false,
  'debug' => true,
  'js_folder' => 'http://localhost/iftheshoefitz/wp-content/plugins/wp-reset//js/',
)
array (
  'prefix' => 'wpr',
  'licensing_servers' => 
  array (
    0 => 'https://dashboard.wpreset.com/api/',
  ),
  'version' => '2.05',
  'slug' => 'wp-reset',
  'basename' => 'wp-reset/wp-reset.php',
  'plugin_page' => 'tools_page_wp-reset',
  'plugin_file' => 'C:\\xampp\\htdocs\\iftheshoefitz\\wp-content\\plugins\\wp-reset\\wp-reset.php',
  'js_folder' => 'http://localhost/iftheshoefitz/wp-content/plugins/wp-reset//js/',
  'api_ver' => 'v1/',
  'valid_forever' => '2035-01-01',
  'unlimited_installs' => 99999,
  'debug' => true,
  'filesystem_initialized' => false,
)

[Tue, 23 Sep 2025 00:54:00 +0000] wpr: __construct
array (
  'prefix' => 'wpr',
  'licensing_servers' => 
  array (
    0 => 'https://dashboard.wpreset.com/api/',
  ),
  'version' => '2.05',
  'plugin_file' => 'C:\\xampp\\htdocs\\iftheshoefitz\\wp-content\\plugins\\wp-reset\\wp-reset.php',
  'plugin_page' => 'tools_page_wp-reset',
  'skip_hooks' => false,
  'debug' => true,
  'js_folder' => 'http://localhost/iftheshoefitz/wp-content/plugins/wp-reset//js/',
)
array (
  'prefix' => 'wpr',
  'licensing_servers' => 
  array (
    0 => 'https://dashboard.wpreset.com/api/',
  ),
  'version' => '2.05',
  'slug' => 'wp-reset',
  'basename' => 'wp-reset/wp-reset.php',
  'plugin_page' => 'tools_page_wp-reset',
  'plugin_file' => 'C:\\xampp\\htdocs\\iftheshoefitz\\wp-content\\plugins\\wp-reset\\wp-reset.php',
  'js_folder' => 'http://localhost/iftheshoefitz/wp-content/plugins/wp-reset//js/',
  'api_ver' => 'v1/',
  'valid_forever' => '2035-01-01',
  'unlimited_installs' => 99999,
  'debug' => true,
  'filesystem_initialized' => false,
)

[Tue, 23 Sep 2025 00:54:01 +0000] wpr: __construct
array (
  'prefix' => 'wpr',
  'licensing_servers' => 
  array (
    0 => 'https://dashboard.wpreset.com/api/',
  ),
  'version' => '2.05',
  'plugin_file' => 'C:\\xampp\\htdocs\\iftheshoefitz\\wp-content\\plugins\\wp-reset\\wp-reset.php',
  'plugin_page' => 'tools_page_wp-reset',
  'skip_hooks' => false,
  'debug' => true,
  'js_folder' => 'http://localhost/iftheshoefitz/wp-content/plugins/wp-reset//js/',
)
array (
  'prefix' => 'wpr',
  'licensing_servers' => 
  array (
    0 => 'https://dashboard.wpreset.com/api/',
  ),
  'version' => '2.05',
  'slug' => 'wp-reset',
  'basename' => 'wp-reset/wp-reset.php',
  'plugin_page' => 'tools_page_wp-reset',
  'plugin_file' => 'C:\\xampp\\htdocs\\iftheshoefitz\\wp-content\\plugins\\wp-reset\\wp-reset.php',
  'js_folder' => 'http://localhost/iftheshoefitz/wp-content/plugins/wp-reset//js/',
  'api_ver' => 'v1/',
  'valid_forever' => '2035-01-01',
  'unlimited_installs' => 99999,
  'debug' => true,
  'filesystem_initialized' => false,
)

[Tue, 23 Sep 2025 00:54:03 +0000] wpr: __construct
array (
  'prefix' => 'wpr',
  'licensing_servers' => 
  array (
    0 => 'https://dashboard.wpreset.com/api/',
  ),
  'version' => '2.05',
  'plugin_file' => 'C:\\xampp\\htdocs\\iftheshoefitz\\wp-content\\plugins\\wp-reset\\wp-reset.php',
  'plugin_page' => 'tools_page_wp-reset',
  'skip_hooks' => false,
  'debug' => true,
  'js_folder' => 'http://localhost/iftheshoefitz/wp-content/plugins/wp-reset//js/',
)
array (
  'prefix' => 'wpr',
  'licensing_servers' => 
  array (
    0 => 'https://dashboard.wpreset.com/api/',
  ),
  'version' => '2.05',
  'slug' => 'wp-reset',
  'basename' => 'wp-reset/wp-reset.php',
  'plugin_page' => 'tools_page_wp-reset',
  'plugin_file' => 'C:\\xampp\\htdocs\\iftheshoefitz\\wp-content\\plugins\\wp-reset\\wp-reset.php',
  'js_folder' => 'http://localhost/iftheshoefitz/wp-content/plugins/wp-reset//js/',
  'api_ver' => 'v1/',
  'valid_forever' => '2035-01-01',
  'unlimited_installs' => 99999,
  'debug' => true,
  'filesystem_initialized' => false,
)

[Tue, 23 Sep 2025 00:54:03 +0000] wpr: __construct
array (
  'prefix' => 'wpr',
  'licensing_servers' => 
  array (
    0 => 'https://dashboard.wpreset.com/api/',
  ),
  'version' => '2.05',
  'plugin_file' => 'C:\\xampp\\htdocs\\iftheshoefitz\\wp-content\\plugins\\wp-reset\\wp-reset.php',
  'plugin_page' => 'tools_page_wp-reset',
  'skip_hooks' => false,
  'debug' => true,
  'js_folder' => 'http://localhost/iftheshoefitz/wp-content/plugins/wp-reset//js/',
)
array (
  'prefix' => 'wpr',
  'licensing_servers' => 
  array (
    0 => 'https://dashboard.wpreset.com/api/',
  ),
  'version' => '2.05',
  'slug' => 'wp-reset',
  'basename' => 'wp-reset/wp-reset.php',
  'plugin_page' => 'tools_page_wp-reset',
  'plugin_file' => 'C:\\xampp\\htdocs\\iftheshoefitz\\wp-content\\plugins\\wp-reset\\wp-reset.php',
  'js_folder' => 'http://localhost/iftheshoefitz/wp-content/plugins/wp-reset//js/',
  'api_ver' => 'v1/',
  'valid_forever' => '2035-01-01',
  'unlimited_installs' => 99999,
  'debug' => true,
  'filesystem_initialized' => false,
)

[Tue, 23 Sep 2025 00:54:07 +0000] wpr: __construct
array (
  'prefix' => 'wpr',
  'licensing_servers' => 
  array (
    0 => 'https://dashboard.wpreset.com/api/',
  ),
  'version' => '2.05',
  'plugin_file' => 'C:\\xampp\\htdocs\\iftheshoefitz\\wp-content\\plugins\\wp-reset\\wp-reset.php',
  'plugin_page' => 'tools_page_wp-reset',
  'skip_hooks' => false,
  'debug' => true,
  'js_folder' => 'http://localhost/iftheshoefitz/wp-content/plugins/wp-reset//js/',
)
array (
  'prefix' => 'wpr',
  'licensing_servers' => 
  array (
    0 => 'https://dashboard.wpreset.com/api/',
  ),
  'version' => '2.05',
  'slug' => 'wp-reset',
  'basename' => 'wp-reset/wp-reset.php',
  'plugin_page' => 'tools_page_wp-reset',
  'plugin_file' => 'C:\\xampp\\htdocs\\iftheshoefitz\\wp-content\\plugins\\wp-reset\\wp-reset.php',
  'js_folder' => 'http://localhost/iftheshoefitz/wp-content/plugins/wp-reset//js/',
  'api_ver' => 'v1/',
  'valid_forever' => '2035-01-01',
  'unlimited_installs' => 99999,
  'debug' => true,
  'filesystem_initialized' => false,
)

[Tue, 23 Sep 2025 00:54:08 +0000] wpr: __construct
array (
  'prefix' => 'wpr',
  'licensing_servers' => 
  array (
    0 => 'https://dashboard.wpreset.com/api/',
  ),
  'version' => '2.05',
  'plugin_file' => 'C:\\xampp\\htdocs\\iftheshoefitz\\wp-content\\plugins\\wp-reset\\wp-reset.php',
  'plugin_page' => 'tools_page_wp-reset',
  'skip_hooks' => false,
  'debug' => true,
  'js_folder' => 'http://localhost/iftheshoefitz/wp-content/plugins/wp-reset//js/',
)
array (
  'prefix' => 'wpr',
  'licensing_servers' => 
  array (
    0 => 'https://dashboard.wpreset.com/api/',
  ),
  'version' => '2.05',
  'slug' => 'wp-reset',
  'basename' => 'wp-reset/wp-reset.php',
  'plugin_page' => 'tools_page_wp-reset',
  'plugin_file' => 'C:\\xampp\\htdocs\\iftheshoefitz\\wp-content\\plugins\\wp-reset\\wp-reset.php',
  'js_folder' => 'http://localhost/iftheshoefitz/wp-content/plugins/wp-reset//js/',
  'api_ver' => 'v1/',
  'valid_forever' => '2035-01-01',
  'unlimited_installs' => 99999,
  'debug' => true,
  'filesystem_initialized' => false,
)

[Tue, 23 Sep 2025 00:54:10 +0000] wpr: __construct
array (
  'prefix' => 'wpr',
  'licensing_servers' => 
  array (
    0 => 'https://dashboard.wpreset.com/api/',
  ),
  'version' => '2.05',
  'plugin_file' => 'C:\\xampp\\htdocs\\iftheshoefitz\\wp-content\\plugins\\wp-reset\\wp-reset.php',
  'plugin_page' => 'tools_page_wp-reset',
  'skip_hooks' => false,
  'debug' => true,
  'js_folder' => 'http://localhost/iftheshoefitz/wp-content/plugins/wp-reset//js/',
)
array (
  'prefix' => 'wpr',
  'licensing_servers' => 
  array (
    0 => 'https://dashboard.wpreset.com/api/',
  ),
  'version' => '2.05',
  'slug' => 'wp-reset',
  'basename' => 'wp-reset/wp-reset.php',
  'plugin_page' => 'tools_page_wp-reset',
  'plugin_file' => 'C:\\xampp\\htdocs\\iftheshoefitz\\wp-content\\plugins\\wp-reset\\wp-reset.php',
  'js_folder' => 'http://localhost/iftheshoefitz/wp-content/plugins/wp-reset//js/',
  'api_ver' => 'v1/',
  'valid_forever' => '2035-01-01',
  'unlimited_installs' => 99999,
  'debug' => true,
  'filesystem_initialized' => false,
)

[Tue, 23 Sep 2025 00:54:13 +0000] wpr: __construct
array (
  'prefix' => 'wpr',
  'licensing_servers' => 
  array (
    0 => 'https://dashboard.wpreset.com/api/',
  ),
  'version' => '2.05',
  'plugin_file' => 'C:\\xampp\\htdocs\\iftheshoefitz\\wp-content\\plugins\\wp-reset\\wp-reset.php',
  'plugin_page' => 'tools_page_wp-reset',
  'skip_hooks' => false,
  'debug' => true,
  'js_folder' => 'http://localhost/iftheshoefitz/wp-content/plugins/wp-reset//js/',
)
array (
  'prefix' => 'wpr',
  'licensing_servers' => 
  array (
    0 => 'https://dashboard.wpreset.com/api/',
  ),
  'version' => '2.05',
  'slug' => 'wp-reset',
  'basename' => 'wp-reset/wp-reset.php',
  'plugin_page' => 'tools_page_wp-reset',
  'plugin_file' => 'C:\\xampp\\htdocs\\iftheshoefitz\\wp-content\\plugins\\wp-reset\\wp-reset.php',
  'js_folder' => 'http://localhost/iftheshoefitz/wp-content/plugins/wp-reset//js/',
  'api_ver' => 'v1/',
  'valid_forever' => '2035-01-01',
  'unlimited_installs' => 99999,
  'debug' => true,
  'filesystem_initialized' => false,
)

[Tue, 23 Sep 2025 00:54:16 +0000] wpr: __construct
array (
  'prefix' => 'wpr',
  'licensing_servers' => 
  array (
    0 => 'https://dashboard.wpreset.com/api/',
  ),
  'version' => '2.05',
  'plugin_file' => 'C:\\xampp\\htdocs\\iftheshoefitz\\wp-content\\plugins\\wp-reset\\wp-reset.php',
  'plugin_page' => 'tools_page_wp-reset',
  'skip_hooks' => false,
  'debug' => true,
  'js_folder' => 'http://localhost/iftheshoefitz/wp-content/plugins/wp-reset//js/',
)
array (
  'prefix' => 'wpr',
  'licensing_servers' => 
  array (
    0 => 'https://dashboard.wpreset.com/api/',
  ),
  'version' => '2.05',
  'slug' => 'wp-reset',
  'basename' => 'wp-reset/wp-reset.php',
  'plugin_page' => 'tools_page_wp-reset',
  'plugin_file' => 'C:\\xampp\\htdocs\\iftheshoefitz\\wp-content\\plugins\\wp-reset\\wp-reset.php',
  'js_folder' => 'http://localhost/iftheshoefitz/wp-content/plugins/wp-reset//js/',
  'api_ver' => 'v1/',
  'valid_forever' => '2035-01-01',
  'unlimited_installs' => 99999,
  'debug' => true,
  'filesystem_initialized' => false,
)

[Tue, 23 Sep 2025 00:54:16 +0000] wpr: __construct
array (
  'prefix' => 'wpr',
  'licensing_servers' => 
  array (
    0 => 'https://dashboard.wpreset.com/api/',
  ),
  'version' => '2.05',
  'plugin_file' => 'C:\\xampp\\htdocs\\iftheshoefitz\\wp-content\\plugins\\wp-reset\\wp-reset.php',
  'plugin_page' => 'tools_page_wp-reset',
  'skip_hooks' => false,
  'debug' => true,
  'js_folder' => 'http://localhost/iftheshoefitz/wp-content/plugins/wp-reset//js/',
)
array (
  'prefix' => 'wpr',
  'licensing_servers' => 
  array (
    0 => 'https://dashboard.wpreset.com/api/',
  ),
  'version' => '2.05',
  'slug' => 'wp-reset',
  'basename' => 'wp-reset/wp-reset.php',
  'plugin_page' => 'tools_page_wp-reset',
  'plugin_file' => 'C:\\xampp\\htdocs\\iftheshoefitz\\wp-content\\plugins\\wp-reset\\wp-reset.php',
  'js_folder' => 'http://localhost/iftheshoefitz/wp-content/plugins/wp-reset//js/',
  'api_ver' => 'v1/',
  'valid_forever' => '2035-01-01',
  'unlimited_installs' => 99999,
  'debug' => true,
  'filesystem_initialized' => false,
)

[Tue, 23 Sep 2025 00:54:19 +0000] wpr: __construct
array (
  'prefix' => 'wpr',
  'licensing_servers' => 
  array (
    0 => 'https://dashboard.wpreset.com/api/',
  ),
  'version' => '2.05',
  'plugin_file' => 'C:\\xampp\\htdocs\\iftheshoefitz\\wp-content\\plugins\\wp-reset\\wp-reset.php',
  'plugin_page' => 'tools_page_wp-reset',
  'skip_hooks' => false,
  'debug' => true,
  'js_folder' => 'http://localhost/iftheshoefitz/wp-content/plugins/wp-reset//js/',
)
array (
  'prefix' => 'wpr',
  'licensing_servers' => 
  array (
    0 => 'https://dashboard.wpreset.com/api/',
  ),
  'version' => '2.05',
  'slug' => 'wp-reset',
  'basename' => 'wp-reset/wp-reset.php',
  'plugin_page' => 'tools_page_wp-reset',
  'plugin_file' => 'C:\\xampp\\htdocs\\iftheshoefitz\\wp-content\\plugins\\wp-reset\\wp-reset.php',
  'js_folder' => 'http://localhost/iftheshoefitz/wp-content/plugins/wp-reset//js/',
  'api_ver' => 'v1/',
  'valid_forever' => '2035-01-01',
  'unlimited_installs' => 99999,
  'debug' => true,
  'filesystem_initialized' => false,
)

[Tue, 23 Sep 2025 00:54:20 +0000] wpr: __construct
array (
  'prefix' => 'wpr',
  'licensing_servers' => 
  array (
    0 => 'https://dashboard.wpreset.com/api/',
  ),
  'version' => '2.05',
  'plugin_file' => 'C:\\xampp\\htdocs\\iftheshoefitz\\wp-content\\plugins\\wp-reset\\wp-reset.php',
  'plugin_page' => 'tools_page_wp-reset',
  'skip_hooks' => false,
  'debug' => true,
  'js_folder' => 'http://localhost/iftheshoefitz/wp-content/plugins/wp-reset//js/',
)
array (
  'prefix' => 'wpr',
  'licensing_servers' => 
  array (
    0 => 'https://dashboard.wpreset.com/api/',
  ),
  'version' => '2.05',
  'slug' => 'wp-reset',
  'basename' => 'wp-reset/wp-reset.php',
  'plugin_page' => 'tools_page_wp-reset',
  'plugin_file' => 'C:\\xampp\\htdocs\\iftheshoefitz\\wp-content\\plugins\\wp-reset\\wp-reset.php',
  'js_folder' => 'http://localhost/iftheshoefitz/wp-content/plugins/wp-reset//js/',
  'api_ver' => 'v1/',
  'valid_forever' => '2035-01-01',
  'unlimited_installs' => 99999,
  'debug' => true,
  'filesystem_initialized' => false,
)

[Tue, 23 Sep 2025 00:54:23 +0000] wpr: __construct
array (
  'prefix' => 'wpr',
  'licensing_servers' => 
  array (
    0 => 'https://dashboard.wpreset.com/api/',
  ),
  'version' => '2.05',
  'plugin_file' => 'C:\\xampp\\htdocs\\iftheshoefitz\\wp-content\\plugins\\wp-reset\\wp-reset.php',
  'plugin_page' => 'tools_page_wp-reset',
  'skip_hooks' => false,
  'debug' => true,
  'js_folder' => 'http://localhost/iftheshoefitz/wp-content/plugins/wp-reset//js/',
)
array (
  'prefix' => 'wpr',
  'licensing_servers' => 
  array (
    0 => 'https://dashboard.wpreset.com/api/',
  ),
  'version' => '2.05',
  'slug' => 'wp-reset',
  'basename' => 'wp-reset/wp-reset.php',
  'plugin_page' => 'tools_page_wp-reset',
  'plugin_file' => 'C:\\xampp\\htdocs\\iftheshoefitz\\wp-content\\plugins\\wp-reset\\wp-reset.php',
  'js_folder' => 'http://localhost/iftheshoefitz/wp-content/plugins/wp-reset//js/',
  'api_ver' => 'v1/',
  'valid_forever' => '2035-01-01',
  'unlimited_installs' => 99999,
  'debug' => true,
  'filesystem_initialized' => false,
)

[Tue, 23 Sep 2025 00:54:24 +0000] wpr: __construct
array (
  'prefix' => 'wpr',
  'licensing_servers' => 
  array (
    0 => 'https://dashboard.wpreset.com/api/',
  ),
  'version' => '2.05',
  'plugin_file' => 'C:\\xampp\\htdocs\\iftheshoefitz\\wp-content\\plugins\\wp-reset\\wp-reset.php',
  'plugin_page' => 'tools_page_wp-reset',
  'skip_hooks' => false,
  'debug' => true,
  'js_folder' => 'http://localhost/iftheshoefitz/wp-content/plugins/wp-reset//js/',
)
array (
  'prefix' => 'wpr',
  'licensing_servers' => 
  array (
    0 => 'https://dashboard.wpreset.com/api/',
  ),
  'version' => '2.05',
  'slug' => 'wp-reset',
  'basename' => 'wp-reset/wp-reset.php',
  'plugin_page' => 'tools_page_wp-reset',
  'plugin_file' => 'C:\\xampp\\htdocs\\iftheshoefitz\\wp-content\\plugins\\wp-reset\\wp-reset.php',
  'js_folder' => 'http://localhost/iftheshoefitz/wp-content/plugins/wp-reset//js/',
  'api_ver' => 'v1/',
  'valid_forever' => '2035-01-01',
  'unlimited_installs' => 99999,
  'debug' => true,
  'filesystem_initialized' => false,
)

[Tue, 23 Sep 2025 00:54:27 +0000] wpr: __construct
array (
  'prefix' => 'wpr',
  'licensing_servers' => 
  array (
    0 => 'https://dashboard.wpreset.com/api/',
  ),
  'version' => '2.05',
  'plugin_file' => 'C:\\xampp\\htdocs\\iftheshoefitz\\wp-content\\plugins\\wp-reset\\wp-reset.php',
  'plugin_page' => 'tools_page_wp-reset',
  'skip_hooks' => false,
  'debug' => true,
  'js_folder' => 'http://localhost/iftheshoefitz/wp-content/plugins/wp-reset//js/',
)
array (
  'prefix' => 'wpr',
  'licensing_servers' => 
  array (
    0 => 'https://dashboard.wpreset.com/api/',
  ),
  'version' => '2.05',
  'slug' => 'wp-reset',
  'basename' => 'wp-reset/wp-reset.php',
  'plugin_page' => 'tools_page_wp-reset',
  'plugin_file' => 'C:\\xampp\\htdocs\\iftheshoefitz\\wp-content\\plugins\\wp-reset\\wp-reset.php',
  'js_folder' => 'http://localhost/iftheshoefitz/wp-content/plugins/wp-reset//js/',
  'api_ver' => 'v1/',
  'valid_forever' => '2035-01-01',
  'unlimited_installs' => 99999,
  'debug' => true,
  'filesystem_initialized' => false,
)

[Tue, 23 Sep 2025 00:54:31 +0000] wpr: __construct
array (
  'prefix' => 'wpr',
  'licensing_servers' => 
  array (
    0 => 'https://dashboard.wpreset.com/api/',
  ),
  'version' => '2.05',
  'plugin_file' => 'C:\\xampp\\htdocs\\iftheshoefitz\\wp-content\\plugins\\wp-reset\\wp-reset.php',
  'plugin_page' => 'tools_page_wp-reset',
  'skip_hooks' => false,
  'debug' => true,
  'js_folder' => 'http://localhost/iftheshoefitz/wp-content/plugins/wp-reset//js/',
)
array (
  'prefix' => 'wpr',
  'licensing_servers' => 
  array (
    0 => 'https://dashboard.wpreset.com/api/',
  ),
  'version' => '2.05',
  'slug' => 'wp-reset',
  'basename' => 'wp-reset/wp-reset.php',
  'plugin_page' => 'tools_page_wp-reset',
  'plugin_file' => 'C:\\xampp\\htdocs\\iftheshoefitz\\wp-content\\plugins\\wp-reset\\wp-reset.php',
  'js_folder' => 'http://localhost/iftheshoefitz/wp-content/plugins/wp-reset//js/',
  'api_ver' => 'v1/',
  'valid_forever' => '2035-01-01',
  'unlimited_installs' => 99999,
  'debug' => true,
  'filesystem_initialized' => false,
)

[Tue, 23 Sep 2025 00:54:32 +0000] wpr: __construct
array (
  'prefix' => 'wpr',
  'licensing_servers' => 
  array (
    0 => 'https://dashboard.wpreset.com/api/',
  ),
  'version' => '2.05',
  'plugin_file' => 'C:\\xampp\\htdocs\\iftheshoefitz\\wp-content\\plugins\\wp-reset\\wp-reset.php',
  'plugin_page' => 'tools_page_wp-reset',
  'skip_hooks' => false,
  'debug' => true,
  'js_folder' => 'http://localhost/iftheshoefitz/wp-content/plugins/wp-reset//js/',
)
array (
  'prefix' => 'wpr',
  'licensing_servers' => 
  array (
    0 => 'https://dashboard.wpreset.com/api/',
  ),
  'version' => '2.05',
  'slug' => 'wp-reset',
  'basename' => 'wp-reset/wp-reset.php',
  'plugin_page' => 'tools_page_wp-reset',
  'plugin_file' => 'C:\\xampp\\htdocs\\iftheshoefitz\\wp-content\\plugins\\wp-reset\\wp-reset.php',
  'js_folder' => 'http://localhost/iftheshoefitz/wp-content/plugins/wp-reset//js/',
  'api_ver' => 'v1/',
  'valid_forever' => '2035-01-01',
  'unlimited_installs' => 99999,
  'debug' => true,
  'filesystem_initialized' => false,
)

[Tue, 23 Sep 2025 00:54:35 +0000] wpr: __construct
array (
  'prefix' => 'wpr',
  'licensing_servers' => 
  array (
    0 => 'https://dashboard.wpreset.com/api/',
  ),
  'version' => '2.05',
  'plugin_file' => 'C:\\xampp\\htdocs\\iftheshoefitz\\wp-content\\plugins\\wp-reset\\wp-reset.php',
  'plugin_page' => 'tools_page_wp-reset',
  'skip_hooks' => false,
  'debug' => true,
  'js_folder' => 'http://localhost/iftheshoefitz/wp-content/plugins/wp-reset//js/',
)
array (
  'prefix' => 'wpr',
  'licensing_servers' => 
  array (
    0 => 'https://dashboard.wpreset.com/api/',
  ),
  'version' => '2.05',
  'slug' => 'wp-reset',
  'basename' => 'wp-reset/wp-reset.php',
  'plugin_page' => 'tools_page_wp-reset',
  'plugin_file' => 'C:\\xampp\\htdocs\\iftheshoefitz\\wp-content\\plugins\\wp-reset\\wp-reset.php',
  'js_folder' => 'http://localhost/iftheshoefitz/wp-content/plugins/wp-reset//js/',
  'api_ver' => 'v1/',
  'valid_forever' => '2035-01-01',
  'unlimited_installs' => 99999,
  'debug' => true,
  'filesystem_initialized' => false,
)

[Tue, 23 Sep 2025 00:54:39 +0000] wpr: __construct
array (
  'prefix' => 'wpr',
  'licensing_servers' => 
  array (
    0 => 'https://dashboard.wpreset.com/api/',
  ),
  'version' => '2.05',
  'plugin_file' => 'C:\\xampp\\htdocs\\iftheshoefitz\\wp-content\\plugins\\wp-reset\\wp-reset.php',
  'plugin_page' => 'tools_page_wp-reset',
  'skip_hooks' => false,
  'debug' => true,
  'js_folder' => 'http://localhost/iftheshoefitz/wp-content/plugins/wp-reset//js/',
)
array (
  'prefix' => 'wpr',
  'licensing_servers' => 
  array (
    0 => 'https://dashboard.wpreset.com/api/',
  ),
  'version' => '2.05',
  'slug' => 'wp-reset',
  'basename' => 'wp-reset/wp-reset.php',
  'plugin_page' => 'tools_page_wp-reset',
  'plugin_file' => 'C:\\xampp\\htdocs\\iftheshoefitz\\wp-content\\plugins\\wp-reset\\wp-reset.php',
  'js_folder' => 'http://localhost/iftheshoefitz/wp-content/plugins/wp-reset//js/',
  'api_ver' => 'v1/',
  'valid_forever' => '2035-01-01',
  'unlimited_installs' => 99999,
  'debug' => true,
  'filesystem_initialized' => false,
)

[Tue, 23 Sep 2025 00:54:39 +0000] wpr: __construct
array (
  'prefix' => 'wpr',
  'licensing_servers' => 
  array (
    0 => 'https://dashboard.wpreset.com/api/',
  ),
  'version' => '2.05',
  'plugin_file' => 'C:\\xampp\\htdocs\\iftheshoefitz\\wp-content\\plugins\\wp-reset\\wp-reset.php',
  'plugin_page' => 'tools_page_wp-reset',
  'skip_hooks' => false,
  'debug' => true,
  'js_folder' => 'http://localhost/iftheshoefitz/wp-content/plugins/wp-reset//js/',
)
array (
  'prefix' => 'wpr',
  'licensing_servers' => 
  array (
    0 => 'https://dashboard.wpreset.com/api/',
  ),
  'version' => '2.05',
  'slug' => 'wp-reset',
  'basename' => 'wp-reset/wp-reset.php',
  'plugin_page' => 'tools_page_wp-reset',
  'plugin_file' => 'C:\\xampp\\htdocs\\iftheshoefitz\\wp-content\\plugins\\wp-reset\\wp-reset.php',
  'js_folder' => 'http://localhost/iftheshoefitz/wp-content/plugins/wp-reset//js/',
  'api_ver' => 'v1/',
  'valid_forever' => '2035-01-01',
  'unlimited_installs' => 99999,
  'debug' => true,
  'filesystem_initialized' => false,
)

[Tue, 23 Sep 2025 00:54:40 +0000] wpr: __construct
array (
  'prefix' => 'wpr',
  'licensing_servers' => 
  array (
    0 => 'https://dashboard.wpreset.com/api/',
  ),
  'version' => '2.05',
  'plugin_file' => 'C:\\xampp\\htdocs\\iftheshoefitz\\wp-content\\plugins\\wp-reset\\wp-reset.php',
  'plugin_page' => 'tools_page_wp-reset',
  'skip_hooks' => false,
  'debug' => true,
  'js_folder' => 'http://localhost/iftheshoefitz/wp-content/plugins/wp-reset//js/',
)
array (
  'prefix' => 'wpr',
  'licensing_servers' => 
  array (
    0 => 'https://dashboard.wpreset.com/api/',
  ),
  'version' => '2.05',
  'slug' => 'wp-reset',
  'basename' => 'wp-reset/wp-reset.php',
  'plugin_page' => 'tools_page_wp-reset',
  'plugin_file' => 'C:\\xampp\\htdocs\\iftheshoefitz\\wp-content\\plugins\\wp-reset\\wp-reset.php',
  'js_folder' => 'http://localhost/iftheshoefitz/wp-content/plugins/wp-reset//js/',
  'api_ver' => 'v1/',
  'valid_forever' => '2035-01-01',
  'unlimited_installs' => 99999,
  'debug' => true,
  'filesystem_initialized' => false,
)

[Tue, 23 Sep 2025 00:54:42 +0000] wpr: __construct
array (
  'prefix' => 'wpr',
  'licensing_servers' => 
  array (
    0 => 'https://dashboard.wpreset.com/api/',
  ),
  'version' => '2.05',
  'plugin_file' => 'C:\\xampp\\htdocs\\iftheshoefitz\\wp-content\\plugins\\wp-reset\\wp-reset.php',
  'plugin_page' => 'tools_page_wp-reset',
  'skip_hooks' => false,
  'debug' => true,
  'js_folder' => 'http://localhost/iftheshoefitz/wp-content/plugins/wp-reset//js/',
)
array (
  'prefix' => 'wpr',
  'licensing_servers' => 
  array (
    0 => 'https://dashboard.wpreset.com/api/',
  ),
  'version' => '2.05',
  'slug' => 'wp-reset',
  'basename' => 'wp-reset/wp-reset.php',
  'plugin_page' => 'tools_page_wp-reset',
  'plugin_file' => 'C:\\xampp\\htdocs\\iftheshoefitz\\wp-content\\plugins\\wp-reset\\wp-reset.php',
  'js_folder' => 'http://localhost/iftheshoefitz/wp-content/plugins/wp-reset//js/',
  'api_ver' => 'v1/',
  'valid_forever' => '2035-01-01',
  'unlimited_installs' => 99999,
  'debug' => true,
  'filesystem_initialized' => false,
)

[Tue, 23 Sep 2025 00:54:46 +0000] wpr: __construct
array (
  'prefix' => 'wpr',
  'licensing_servers' => 
  array (
    0 => 'https://dashboard.wpreset.com/api/',
  ),
  'version' => '2.05',
  'plugin_file' => 'C:\\xampp\\htdocs\\iftheshoefitz\\wp-content\\plugins\\wp-reset\\wp-reset.php',
  'plugin_page' => 'tools_page_wp-reset',
  'skip_hooks' => false,
  'debug' => true,
  'js_folder' => 'http://localhost/iftheshoefitz/wp-content/plugins/wp-reset//js/',
)
array (
  'prefix' => 'wpr',
  'licensing_servers' => 
  array (
    0 => 'https://dashboard.wpreset.com/api/',
  ),
  'version' => '2.05',
  'slug' => 'wp-reset',
  'basename' => 'wp-reset/wp-reset.php',
  'plugin_page' => 'tools_page_wp-reset',
  'plugin_file' => 'C:\\xampp\\htdocs\\iftheshoefitz\\wp-content\\plugins\\wp-reset\\wp-reset.php',
  'js_folder' => 'http://localhost/iftheshoefitz/wp-content/plugins/wp-reset//js/',
  'api_ver' => 'v1/',
  'valid_forever' => '2035-01-01',
  'unlimited_installs' => 99999,
  'debug' => true,
  'filesystem_initialized' => false,
)

[Tue, 23 Sep 2025 00:54:50 +0000] wpr: __construct
array (
  'prefix' => 'wpr',
  'licensing_servers' => 
  array (
    0 => 'https://dashboard.wpreset.com/api/',
  ),
  'version' => '2.05',
  'plugin_file' => 'C:\\xampp\\htdocs\\iftheshoefitz\\wp-content\\plugins\\wp-reset\\wp-reset.php',
  'plugin_page' => 'tools_page_wp-reset',
  'skip_hooks' => false,
  'debug' => true,
  'js_folder' => 'http://localhost/iftheshoefitz/wp-content/plugins/wp-reset//js/',
)
array (
  'prefix' => 'wpr',
  'licensing_servers' => 
  array (
    0 => 'https://dashboard.wpreset.com/api/',
  ),
  'version' => '2.05',
  'slug' => 'wp-reset',
  'basename' => 'wp-reset/wp-reset.php',
  'plugin_page' => 'tools_page_wp-reset',
  'plugin_file' => 'C:\\xampp\\htdocs\\iftheshoefitz\\wp-content\\plugins\\wp-reset\\wp-reset.php',
  'js_folder' => 'http://localhost/iftheshoefitz/wp-content/plugins/wp-reset//js/',
  'api_ver' => 'v1/',
  'valid_forever' => '2035-01-01',
  'unlimited_installs' => 99999,
  'debug' => true,
  'filesystem_initialized' => false,
)

[Tue, 23 Sep 2025 00:54:53 +0000] wpr: __construct
array (
  'prefix' => 'wpr',
  'licensing_servers' => 
  array (
    0 => 'https://dashboard.wpreset.com/api/',
  ),
  'version' => '2.05',
  'plugin_file' => 'C:\\xampp\\htdocs\\iftheshoefitz\\wp-content\\plugins\\wp-reset\\wp-reset.php',
  'plugin_page' => 'tools_page_wp-reset',
  'skip_hooks' => false,
  'debug' => true,
  'js_folder' => 'http://localhost/iftheshoefitz/wp-content/plugins/wp-reset//js/',
)
array (
  'prefix' => 'wpr',
  'licensing_servers' => 
  array (
    0 => 'https://dashboard.wpreset.com/api/',
  ),
  'version' => '2.05',
  'slug' => 'wp-reset',
  'basename' => 'wp-reset/wp-reset.php',
  'plugin_page' => 'tools_page_wp-reset',
  'plugin_file' => 'C:\\xampp\\htdocs\\iftheshoefitz\\wp-content\\plugins\\wp-reset\\wp-reset.php',
  'js_folder' => 'http://localhost/iftheshoefitz/wp-content/plugins/wp-reset//js/',
  'api_ver' => 'v1/',
  'valid_forever' => '2035-01-01',
  'unlimited_installs' => 99999,
  'debug' => true,
  'filesystem_initialized' => false,
)

[Tue, 23 Sep 2025 00:54:56 +0000] wpr: __construct
array (
  'prefix' => 'wpr',
  'licensing_servers' => 
  array (
    0 => 'https://dashboard.wpreset.com/api/',
  ),
  'version' => '2.05',
  'plugin_file' => 'C:\\xampp\\htdocs\\iftheshoefitz\\wp-content\\plugins\\wp-reset\\wp-reset.php',
  'plugin_page' => 'tools_page_wp-reset',
  'skip_hooks' => false,
  'debug' => true,
  'js_folder' => 'http://localhost/iftheshoefitz/wp-content/plugins/wp-reset//js/',
)
array (
  'prefix' => 'wpr',
  'licensing_servers' => 
  array (
    0 => 'https://dashboard.wpreset.com/api/',
  ),
  'version' => '2.05',
  'slug' => 'wp-reset',
  'basename' => 'wp-reset/wp-reset.php',
  'plugin_page' => 'tools_page_wp-reset',
  'plugin_file' => 'C:\\xampp\\htdocs\\iftheshoefitz\\wp-content\\plugins\\wp-reset\\wp-reset.php',
  'js_folder' => 'http://localhost/iftheshoefitz/wp-content/plugins/wp-reset//js/',
  'api_ver' => 'v1/',
  'valid_forever' => '2035-01-01',
  'unlimited_installs' => 99999,
  'debug' => true,
  'filesystem_initialized' => false,
)

[Tue, 23 Sep 2025 00:54:57 +0000] wpr: __construct
array (
  'prefix' => 'wpr',
  'licensing_servers' => 
  array (
    0 => 'https://dashboard.wpreset.com/api/',
  ),
  'version' => '2.05',
  'plugin_file' => 'C:\\xampp\\htdocs\\iftheshoefitz\\wp-content\\plugins\\wp-reset\\wp-reset.php',
  'plugin_page' => 'tools_page_wp-reset',
  'skip_hooks' => false,
  'debug' => true,
  'js_folder' => 'http://localhost/iftheshoefitz/wp-content/plugins/wp-reset//js/',
)
array (
  'prefix' => 'wpr',
  'licensing_servers' => 
  array (
    0 => 'https://dashboard.wpreset.com/api/',
  ),
  'version' => '2.05',
  'slug' => 'wp-reset',
  'basename' => 'wp-reset/wp-reset.php',
  'plugin_page' => 'tools_page_wp-reset',
  'plugin_file' => 'C:\\xampp\\htdocs\\iftheshoefitz\\wp-content\\plugins\\wp-reset\\wp-reset.php',
  'js_folder' => 'http://localhost/iftheshoefitz/wp-content/plugins/wp-reset//js/',
  'api_ver' => 'v1/',
  'valid_forever' => '2035-01-01',
  'unlimited_installs' => 99999,
  'debug' => true,
  'filesystem_initialized' => false,
)

[Tue, 23 Sep 2025 00:55:01 +0000] wpr: __construct
array (
  'prefix' => 'wpr',
  'licensing_servers' => 
  array (
    0 => 'https://dashboard.wpreset.com/api/',
  ),
  'version' => '2.05',
  'plugin_file' => 'C:\\xampp\\htdocs\\iftheshoefitz\\wp-content\\plugins\\wp-reset\\wp-reset.php',
  'plugin_page' => 'tools_page_wp-reset',
  'skip_hooks' => false,
  'debug' => true,
  'js_folder' => 'http://localhost/iftheshoefitz/wp-content/plugins/wp-reset//js/',
)
array (
  'prefix' => 'wpr',
  'licensing_servers' => 
  array (
    0 => 'https://dashboard.wpreset.com/api/',
  ),
  'version' => '2.05',
  'slug' => 'wp-reset',
  'basename' => 'wp-reset/wp-reset.php',
  'plugin_page' => 'tools_page_wp-reset',
  'plugin_file' => 'C:\\xampp\\htdocs\\iftheshoefitz\\wp-content\\plugins\\wp-reset\\wp-reset.php',
  'js_folder' => 'http://localhost/iftheshoefitz/wp-content/plugins/wp-reset//js/',
  'api_ver' => 'v1/',
  'valid_forever' => '2035-01-01',
  'unlimited_installs' => 99999,
  'debug' => true,
  'filesystem_initialized' => false,
)

[Tue, 23 Sep 2025 00:55:05 +0000] wpr: __construct
array (
  'prefix' => 'wpr',
  'licensing_servers' => 
  array (
    0 => 'https://dashboard.wpreset.com/api/',
  ),
  'version' => '2.05',
  'plugin_file' => 'C:\\xampp\\htdocs\\iftheshoefitz\\wp-content\\plugins\\wp-reset\\wp-reset.php',
  'plugin_page' => 'tools_page_wp-reset',
  'skip_hooks' => false,
  'debug' => true,
  'js_folder' => 'http://localhost/iftheshoefitz/wp-content/plugins/wp-reset//js/',
)
array (
  'prefix' => 'wpr',
  'licensing_servers' => 
  array (
    0 => 'https://dashboard.wpreset.com/api/',
  ),
  'version' => '2.05',
  'slug' => 'wp-reset',
  'basename' => 'wp-reset/wp-reset.php',
  'plugin_page' => 'tools_page_wp-reset',
  'plugin_file' => 'C:\\xampp\\htdocs\\iftheshoefitz\\wp-content\\plugins\\wp-reset\\wp-reset.php',
  'js_folder' => 'http://localhost/iftheshoefitz/wp-content/plugins/wp-reset//js/',
  'api_ver' => 'v1/',
  'valid_forever' => '2035-01-01',
  'unlimited_installs' => 99999,
  'debug' => true,
  'filesystem_initialized' => false,
)

[Tue, 23 Sep 2025 00:55:07 +0000] wpr: __construct
array (
  'prefix' => 'wpr',
  'licensing_servers' => 
  array (
    0 => 'https://dashboard.wpreset.com/api/',
  ),
  'version' => '2.05',
  'plugin_file' => 'C:\\xampp\\htdocs\\iftheshoefitz\\wp-content\\plugins\\wp-reset\\wp-reset.php',
  'plugin_page' => 'tools_page_wp-reset',
  'skip_hooks' => false,
  'debug' => true,
  'js_folder' => 'http://localhost/iftheshoefitz/wp-content/plugins/wp-reset//js/',
)
array (
  'prefix' => 'wpr',
  'licensing_servers' => 
  array (
    0 => 'https://dashboard.wpreset.com/api/',
  ),
  'version' => '2.05',
  'slug' => 'wp-reset',
  'basename' => 'wp-reset/wp-reset.php',
  'plugin_page' => 'tools_page_wp-reset',
  'plugin_file' => 'C:\\xampp\\htdocs\\iftheshoefitz\\wp-content\\plugins\\wp-reset\\wp-reset.php',
  'js_folder' => 'http://localhost/iftheshoefitz/wp-content/plugins/wp-reset//js/',
  'api_ver' => 'v1/',
  'valid_forever' => '2035-01-01',
  'unlimited_installs' => 99999,
  'debug' => true,
  'filesystem_initialized' => false,
)

[Tue, 23 Sep 2025 00:55:08 +0000] wpr: __construct
array (
  'prefix' => 'wpr',
  'licensing_servers' => 
  array (
    0 => 'https://dashboard.wpreset.com/api/',
  ),
  'version' => '2.05',
  'plugin_file' => 'C:\\xampp\\htdocs\\iftheshoefitz\\wp-content\\plugins\\wp-reset\\wp-reset.php',
  'plugin_page' => 'tools_page_wp-reset',
  'skip_hooks' => false,
  'debug' => true,
  'js_folder' => 'http://localhost/iftheshoefitz/wp-content/plugins/wp-reset//js/',
)
array (
  'prefix' => 'wpr',
  'licensing_servers' => 
  array (
    0 => 'https://dashboard.wpreset.com/api/',
  ),
  'version' => '2.05',
  'slug' => 'wp-reset',
  'basename' => 'wp-reset/wp-reset.php',
  'plugin_page' => 'tools_page_wp-reset',
  'plugin_file' => 'C:\\xampp\\htdocs\\iftheshoefitz\\wp-content\\plugins\\wp-reset\\wp-reset.php',
  'js_folder' => 'http://localhost/iftheshoefitz/wp-content/plugins/wp-reset//js/',
  'api_ver' => 'v1/',
  'valid_forever' => '2035-01-01',
  'unlimited_installs' => 99999,
  'debug' => true,
  'filesystem_initialized' => false,
)

[Tue, 23 Sep 2025 00:55:11 +0000] wpr: __construct
array (
  'prefix' => 'wpr',
  'licensing_servers' => 
  array (
    0 => 'https://dashboard.wpreset.com/api/',
  ),
  'version' => '2.05',
  'plugin_file' => 'C:\\xampp\\htdocs\\iftheshoefitz\\wp-content\\plugins\\wp-reset\\wp-reset.php',
  'plugin_page' => 'tools_page_wp-reset',
  'skip_hooks' => false,
  'debug' => true,
  'js_folder' => 'http://localhost/iftheshoefitz/wp-content/plugins/wp-reset//js/',
)
array (
  'prefix' => 'wpr',
  'licensing_servers' => 
  array (
    0 => 'https://dashboard.wpreset.com/api/',
  ),
  'version' => '2.05',
  'slug' => 'wp-reset',
  'basename' => 'wp-reset/wp-reset.php',
  'plugin_page' => 'tools_page_wp-reset',
  'plugin_file' => 'C:\\xampp\\htdocs\\iftheshoefitz\\wp-content\\plugins\\wp-reset\\wp-reset.php',
  'js_folder' => 'http://localhost/iftheshoefitz/wp-content/plugins/wp-reset//js/',
  'api_ver' => 'v1/',
  'valid_forever' => '2035-01-01',
  'unlimited_installs' => 99999,
  'debug' => true,
  'filesystem_initialized' => false,
)

[Tue, 23 Sep 2025 00:55:13 +0000] wpr: __construct
array (
  'prefix' => 'wpr',
  'licensing_servers' => 
  array (
    0 => 'https://dashboard.wpreset.com/api/',
  ),
  'version' => '2.05',
  'plugin_file' => 'C:\\xampp\\htdocs\\iftheshoefitz\\wp-content\\plugins\\wp-reset\\wp-reset.php',
  'plugin_page' => 'tools_page_wp-reset',
  'skip_hooks' => false,
  'debug' => true,
  'js_folder' => 'http://localhost/iftheshoefitz/wp-content/plugins/wp-reset//js/',
)
array (
  'prefix' => 'wpr',
  'licensing_servers' => 
  array (
    0 => 'https://dashboard.wpreset.com/api/',
  ),
  'version' => '2.05',
  'slug' => 'wp-reset',
  'basename' => 'wp-reset/wp-reset.php',
  'plugin_page' => 'tools_page_wp-reset',
  'plugin_file' => 'C:\\xampp\\htdocs\\iftheshoefitz\\wp-content\\plugins\\wp-reset\\wp-reset.php',
  'js_folder' => 'http://localhost/iftheshoefitz/wp-content/plugins/wp-reset//js/',
  'api_ver' => 'v1/',
  'valid_forever' => '2035-01-01',
  'unlimited_installs' => 99999,
  'debug' => true,
  'filesystem_initialized' => false,
)

[Tue, 23 Sep 2025 00:55:15 +0000] wpr: __construct
array (
  'prefix' => 'wpr',
  'licensing_servers' => 
  array (
    0 => 'https://dashboard.wpreset.com/api/',
  ),
  'version' => '2.05',
  'plugin_file' => 'C:\\xampp\\htdocs\\iftheshoefitz\\wp-content\\plugins\\wp-reset\\wp-reset.php',
  'plugin_page' => 'tools_page_wp-reset',
  'skip_hooks' => false,
  'debug' => true,
  'js_folder' => 'http://localhost/iftheshoefitz/wp-content/plugins/wp-reset//js/',
)
array (
  'prefix' => 'wpr',
  'licensing_servers' => 
  array (
    0 => 'https://dashboard.wpreset.com/api/',
  ),
  'version' => '2.05',
  'slug' => 'wp-reset',
  'basename' => 'wp-reset/wp-reset.php',
  'plugin_page' => 'tools_page_wp-reset',
  'plugin_file' => 'C:\\xampp\\htdocs\\iftheshoefitz\\wp-content\\plugins\\wp-reset\\wp-reset.php',
  'js_folder' => 'http://localhost/iftheshoefitz/wp-content/plugins/wp-reset//js/',
  'api_ver' => 'v1/',
  'valid_forever' => '2035-01-01',
  'unlimited_installs' => 99999,
  'debug' => true,
  'filesystem_initialized' => false,
)

[Tue, 23 Sep 2025 00:55:15 +0000] wpr: __construct
array (
  'prefix' => 'wpr',
  'licensing_servers' => 
  array (
    0 => 'https://dashboard.wpreset.com/api/',
  ),
  'version' => '2.05',
  'plugin_file' => 'C:\\xampp\\htdocs\\iftheshoefitz\\wp-content\\plugins\\wp-reset\\wp-reset.php',
  'plugin_page' => 'tools_page_wp-reset',
  'skip_hooks' => false,
  'debug' => true,
  'js_folder' => 'http://localhost/iftheshoefitz/wp-content/plugins/wp-reset//js/',
)
array (
  'prefix' => 'wpr',
  'licensing_servers' => 
  array (
    0 => 'https://dashboard.wpreset.com/api/',
  ),
  'version' => '2.05',
  'slug' => 'wp-reset',
  'basename' => 'wp-reset/wp-reset.php',
  'plugin_page' => 'tools_page_wp-reset',
  'plugin_file' => 'C:\\xampp\\htdocs\\iftheshoefitz\\wp-content\\plugins\\wp-reset\\wp-reset.php',
  'js_folder' => 'http://localhost/iftheshoefitz/wp-content/plugins/wp-reset//js/',
  'api_ver' => 'v1/',
  'valid_forever' => '2035-01-01',
  'unlimited_installs' => 99999,
  'debug' => true,
  'filesystem_initialized' => false,
)

[Tue, 23 Sep 2025 00:55:19 +0000] wpr: __construct
array (
  'prefix' => 'wpr',
  'licensing_servers' => 
  array (
    0 => 'https://dashboard.wpreset.com/api/',
  ),
  'version' => '2.05',
  'plugin_file' => 'C:\\xampp\\htdocs\\iftheshoefitz\\wp-content\\plugins\\wp-reset\\wp-reset.php',
  'plugin_page' => 'tools_page_wp-reset',
  'skip_hooks' => false,
  'debug' => true,
  'js_folder' => 'http://localhost/iftheshoefitz/wp-content/plugins/wp-reset//js/',
)
array (
  'prefix' => 'wpr',
  'licensing_servers' => 
  array (
    0 => 'https://dashboard.wpreset.com/api/',
  ),
  'version' => '2.05',
  'slug' => 'wp-reset',
  'basename' => 'wp-reset/wp-reset.php',
  'plugin_page' => 'tools_page_wp-reset',
  'plugin_file' => 'C:\\xampp\\htdocs\\iftheshoefitz\\wp-content\\plugins\\wp-reset\\wp-reset.php',
  'js_folder' => 'http://localhost/iftheshoefitz/wp-content/plugins/wp-reset//js/',
  'api_ver' => 'v1/',
  'valid_forever' => '2035-01-01',
  'unlimited_installs' => 99999,
  'debug' => true,
  'filesystem_initialized' => false,
)

[Tue, 23 Sep 2025 00:55:24 +0000] wpr: __construct
array (
  'prefix' => 'wpr',
  'licensing_servers' => 
  array (
    0 => 'https://dashboard.wpreset.com/api/',
  ),
  'version' => '2.05',
  'plugin_file' => 'C:\\xampp\\htdocs\\iftheshoefitz\\wp-content\\plugins\\wp-reset\\wp-reset.php',
  'plugin_page' => 'tools_page_wp-reset',
  'skip_hooks' => false,
  'debug' => true,
  'js_folder' => 'http://localhost/iftheshoefitz/wp-content/plugins/wp-reset//js/',
)
array (
  'prefix' => 'wpr',
  'licensing_servers' => 
  array (
    0 => 'https://dashboard.wpreset.com/api/',
  ),
  'version' => '2.05',
  'slug' => 'wp-reset',
  'basename' => 'wp-reset/wp-reset.php',
  'plugin_page' => 'tools_page_wp-reset',
  'plugin_file' => 'C:\\xampp\\htdocs\\iftheshoefitz\\wp-content\\plugins\\wp-reset\\wp-reset.php',
  'js_folder' => 'http://localhost/iftheshoefitz/wp-content/plugins/wp-reset//js/',
  'api_ver' => 'v1/',
  'valid_forever' => '2035-01-01',
  'unlimited_installs' => 99999,
  'debug' => true,
  'filesystem_initialized' => false,
)

[Tue, 23 Sep 2025 00:55:27 +0000] wpr: __construct
array (
  'prefix' => 'wpr',
  'licensing_servers' => 
  array (
    0 => 'https://dashboard.wpreset.com/api/',
  ),
  'version' => '2.05',
  'plugin_file' => 'C:\\xampp\\htdocs\\iftheshoefitz\\wp-content\\plugins\\wp-reset\\wp-reset.php',
  'plugin_page' => 'tools_page_wp-reset',
  'skip_hooks' => false,
  'debug' => true,
  'js_folder' => 'http://localhost/iftheshoefitz/wp-content/plugins/wp-reset//js/',
)
array (
  'prefix' => 'wpr',
  'licensing_servers' => 
  array (
    0 => 'https://dashboard.wpreset.com/api/',
  ),
  'version' => '2.05',
  'slug' => 'wp-reset',
  'basename' => 'wp-reset/wp-reset.php',
  'plugin_page' => 'tools_page_wp-reset',
  'plugin_file' => 'C:\\xampp\\htdocs\\iftheshoefitz\\wp-content\\plugins\\wp-reset\\wp-reset.php',
  'js_folder' => 'http://localhost/iftheshoefitz/wp-content/plugins/wp-reset//js/',
  'api_ver' => 'v1/',
  'valid_forever' => '2035-01-01',
  'unlimited_installs' => 99999,
  'debug' => true,
  'filesystem_initialized' => false,
)

[Tue, 23 Sep 2025 00:55:30 +0000] wpr: __construct
array (
  'prefix' => 'wpr',
  'licensing_servers' => 
  array (
    0 => 'https://dashboard.wpreset.com/api/',
  ),
  'version' => '2.05',
  'plugin_file' => 'C:\\xampp\\htdocs\\iftheshoefitz\\wp-content\\plugins\\wp-reset\\wp-reset.php',
  'plugin_page' => 'tools_page_wp-reset',
  'skip_hooks' => false,
  'debug' => true,
  'js_folder' => 'http://localhost/iftheshoefitz/wp-content/plugins/wp-reset//js/',
)
array (
  'prefix' => 'wpr',
  'licensing_servers' => 
  array (
    0 => 'https://dashboard.wpreset.com/api/',
  ),
  'version' => '2.05',
  'slug' => 'wp-reset',
  'basename' => 'wp-reset/wp-reset.php',
  'plugin_page' => 'tools_page_wp-reset',
  'plugin_file' => 'C:\\xampp\\htdocs\\iftheshoefitz\\wp-content\\plugins\\wp-reset\\wp-reset.php',
  'js_folder' => 'http://localhost/iftheshoefitz/wp-content/plugins/wp-reset//js/',
  'api_ver' => 'v1/',
  'valid_forever' => '2035-01-01',
  'unlimited_installs' => 99999,
  'debug' => true,
  'filesystem_initialized' => false,
)

[Tue, 23 Sep 2025 00:55:31 +0000] wpr: __construct
array (
  'prefix' => 'wpr',
  'licensing_servers' => 
  array (
    0 => 'https://dashboard.wpreset.com/api/',
  ),
  'version' => '2.05',
  'plugin_file' => 'C:\\xampp\\htdocs\\iftheshoefitz\\wp-content\\plugins\\wp-reset\\wp-reset.php',
  'plugin_page' => 'tools_page_wp-reset',
  'skip_hooks' => false,
  'debug' => true,
  'js_folder' => 'http://localhost/iftheshoefitz/wp-content/plugins/wp-reset//js/',
)
array (
  'prefix' => 'wpr',
  'licensing_servers' => 
  array (
    0 => 'https://dashboard.wpreset.com/api/',
  ),
  'version' => '2.05',
  'slug' => 'wp-reset',
  'basename' => 'wp-reset/wp-reset.php',
  'plugin_page' => 'tools_page_wp-reset',
  'plugin_file' => 'C:\\xampp\\htdocs\\iftheshoefitz\\wp-content\\plugins\\wp-reset\\wp-reset.php',
  'js_folder' => 'http://localhost/iftheshoefitz/wp-content/plugins/wp-reset//js/',
  'api_ver' => 'v1/',
  'valid_forever' => '2035-01-01',
  'unlimited_installs' => 99999,
  'debug' => true,
  'filesystem_initialized' => false,
)

[Tue, 23 Sep 2025 00:55:33 +0000] wpr: __construct
array (
  'prefix' => 'wpr',
  'licensing_servers' => 
  array (
    0 => 'https://dashboard.wpreset.com/api/',
  ),
  'version' => '2.05',
  'plugin_file' => 'C:\\xampp\\htdocs\\iftheshoefitz\\wp-content\\plugins\\wp-reset\\wp-reset.php',
  'plugin_page' => 'tools_page_wp-reset',
  'skip_hooks' => false,
  'debug' => true,
  'js_folder' => 'http://localhost/iftheshoefitz/wp-content/plugins/wp-reset//js/',
)
array (
  'prefix' => 'wpr',
  'licensing_servers' => 
  array (
    0 => 'https://dashboard.wpreset.com/api/',
  ),
  'version' => '2.05',
  'slug' => 'wp-reset',
  'basename' => 'wp-reset/wp-reset.php',
  'plugin_page' => 'tools_page_wp-reset',
  'plugin_file' => 'C:\\xampp\\htdocs\\iftheshoefitz\\wp-content\\plugins\\wp-reset\\wp-reset.php',
  'js_folder' => 'http://localhost/iftheshoefitz/wp-content/plugins/wp-reset//js/',
  'api_ver' => 'v1/',
  'valid_forever' => '2035-01-01',
  'unlimited_installs' => 99999,
  'debug' => true,
  'filesystem_initialized' => false,
)

[Tue, 23 Sep 2025 00:55:42 +0000] wpr: __construct
array (
  'prefix' => 'wpr',
  'licensing_servers' => 
  array (
    0 => 'https://dashboard.wpreset.com/api/',
  ),
  'version' => '2.05',
  'plugin_file' => 'C:\\xampp\\htdocs\\iftheshoefitz\\wp-content\\plugins\\wp-reset\\wp-reset.php',
  'plugin_page' => 'tools_page_wp-reset',
  'skip_hooks' => false,
  'debug' => true,
  'js_folder' => 'http://localhost/iftheshoefitz/wp-content/plugins/wp-reset//js/',
)
array (
  'prefix' => 'wpr',
  'licensing_servers' => 
  array (
    0 => 'https://dashboard.wpreset.com/api/',
  ),
  'version' => '2.05',
  'slug' => 'wp-reset',
  'basename' => 'wp-reset/wp-reset.php',
  'plugin_page' => 'tools_page_wp-reset',
  'plugin_file' => 'C:\\xampp\\htdocs\\iftheshoefitz\\wp-content\\plugins\\wp-reset\\wp-reset.php',
  'js_folder' => 'http://localhost/iftheshoefitz/wp-content/plugins/wp-reset//js/',
  'api_ver' => 'v1/',
  'valid_forever' => '2035-01-01',
  'unlimited_installs' => 99999,
  'debug' => true,
  'filesystem_initialized' => false,
)

[Tue, 23 Sep 2025 00:55:46 +0000] wpr: __construct
array (
  'prefix' => 'wpr',
  'licensing_servers' => 
  array (
    0 => 'https://dashboard.wpreset.com/api/',
  ),
  'version' => '2.05',
  'plugin_file' => 'C:\\xampp\\htdocs\\iftheshoefitz\\wp-content\\plugins\\wp-reset\\wp-reset.php',
  'plugin_page' => 'tools_page_wp-reset',
  'skip_hooks' => false,
  'debug' => true,
  'js_folder' => 'http://localhost/iftheshoefitz/wp-content/plugins/wp-reset//js/',
)
array (
  'prefix' => 'wpr',
  'licensing_servers' => 
  array (
    0 => 'https://dashboard.wpreset.com/api/',
  ),
  'version' => '2.05',
  'slug' => 'wp-reset',
  'basename' => 'wp-reset/wp-reset.php',
  'plugin_page' => 'tools_page_wp-reset',
  'plugin_file' => 'C:\\xampp\\htdocs\\iftheshoefitz\\wp-content\\plugins\\wp-reset\\wp-reset.php',
  'js_folder' => 'http://localhost/iftheshoefitz/wp-content/plugins/wp-reset//js/',
  'api_ver' => 'v1/',
  'valid_forever' => '2035-01-01',
  'unlimited_installs' => 99999,
  'debug' => true,
  'filesystem_initialized' => false,
)

[Tue, 23 Sep 2025 00:55:48 +0000] wpr: __construct
array (
  'prefix' => 'wpr',
  'licensing_servers' => 
  array (
    0 => 'https://dashboard.wpreset.com/api/',
  ),
  'version' => '2.05',
  'plugin_file' => 'C:\\xampp\\htdocs\\iftheshoefitz\\wp-content\\plugins\\wp-reset\\wp-reset.php',
  'plugin_page' => 'tools_page_wp-reset',
  'skip_hooks' => false,
  'debug' => true,
  'js_folder' => 'http://localhost/iftheshoefitz/wp-content/plugins/wp-reset//js/',
)
array (
  'prefix' => 'wpr',
  'licensing_servers' => 
  array (
    0 => 'https://dashboard.wpreset.com/api/',
  ),
  'version' => '2.05',
  'slug' => 'wp-reset',
  'basename' => 'wp-reset/wp-reset.php',
  'plugin_page' => 'tools_page_wp-reset',
  'plugin_file' => 'C:\\xampp\\htdocs\\iftheshoefitz\\wp-content\\plugins\\wp-reset\\wp-reset.php',
  'js_folder' => 'http://localhost/iftheshoefitz/wp-content/plugins/wp-reset//js/',
  'api_ver' => 'v1/',
  'valid_forever' => '2035-01-01',
  'unlimited_installs' => 99999,
  'debug' => true,
  'filesystem_initialized' => false,
)

[Tue, 23 Sep 2025 00:55:57 +0000] wpr: __construct
array (
  'prefix' => 'wpr',
  'licensing_servers' => 
  array (
    0 => 'https://dashboard.wpreset.com/api/',
  ),
  'version' => '2.05',
  'plugin_file' => 'C:\\xampp\\htdocs\\iftheshoefitz\\wp-content\\plugins\\wp-reset\\wp-reset.php',
  'plugin_page' => 'tools_page_wp-reset',
  'skip_hooks' => false,
  'debug' => true,
  'js_folder' => 'http://localhost/iftheshoefitz/wp-content/plugins/wp-reset//js/',
)
array (
  'prefix' => 'wpr',
  'licensing_servers' => 
  array (
    0 => 'https://dashboard.wpreset.com/api/',
  ),
  'version' => '2.05',
  'slug' => 'wp-reset',
  'basename' => 'wp-reset/wp-reset.php',
  'plugin_page' => 'tools_page_wp-reset',
  'plugin_file' => 'C:\\xampp\\htdocs\\iftheshoefitz\\wp-content\\plugins\\wp-reset\\wp-reset.php',
  'js_folder' => 'http://localhost/iftheshoefitz/wp-content/plugins/wp-reset//js/',
  'api_ver' => 'v1/',
  'valid_forever' => '2035-01-01',
  'unlimited_installs' => 99999,
  'debug' => true,
  'filesystem_initialized' => false,
)

[Tue, 23 Sep 2025 00:55:59 +0000] wpr: __construct
array (
  'prefix' => 'wpr',
  'licensing_servers' => 
  array (
    0 => 'https://dashboard.wpreset.com/api/',
  ),
  'version' => '2.05',
  'plugin_file' => 'C:\\xampp\\htdocs\\iftheshoefitz\\wp-content\\plugins\\wp-reset\\wp-reset.php',
  'plugin_page' => 'tools_page_wp-reset',
  'skip_hooks' => false,
  'debug' => true,
  'js_folder' => 'http://localhost/iftheshoefitz/wp-content/plugins/wp-reset//js/',
)
array (
  'prefix' => 'wpr',
  'licensing_servers' => 
  array (
    0 => 'https://dashboard.wpreset.com/api/',
  ),
  'version' => '2.05',
  'slug' => 'wp-reset',
  'basename' => 'wp-reset/wp-reset.php',
  'plugin_page' => 'tools_page_wp-reset',
  'plugin_file' => 'C:\\xampp\\htdocs\\iftheshoefitz\\wp-content\\plugins\\wp-reset\\wp-reset.php',
  'js_folder' => 'http://localhost/iftheshoefitz/wp-content/plugins/wp-reset//js/',
  'api_ver' => 'v1/',
  'valid_forever' => '2035-01-01',
  'unlimited_installs' => 99999,
  'debug' => true,
  'filesystem_initialized' => false,
)

[Tue, 23 Sep 2025 00:57:47 +0000] wpr: __construct
array (
  'prefix' => 'wpr',
  'licensing_servers' => 
  array (
    0 => 'https://dashboard.wpreset.com/api/',
  ),
  'version' => '2.05',
  'plugin_file' => 'C:\\xampp\\htdocs\\iftheshoefitz\\wp-content\\plugins\\wp-reset\\wp-reset.php',
  'plugin_page' => 'tools_page_wp-reset',
  'skip_hooks' => false,
  'debug' => true,
  'js_folder' => 'http://localhost/iftheshoefitz/wp-content/plugins/wp-reset//js/',
)
array (
  'prefix' => 'wpr',
  'licensing_servers' => 
  array (
    0 => 'https://dashboard.wpreset.com/api/',
  ),
  'version' => '2.05',
  'slug' => 'wp-reset',
  'basename' => 'wp-reset/wp-reset.php',
  'plugin_page' => 'tools_page_wp-reset',
  'plugin_file' => 'C:\\xampp\\htdocs\\iftheshoefitz\\wp-content\\plugins\\wp-reset\\wp-reset.php',
  'js_folder' => 'http://localhost/iftheshoefitz/wp-content/plugins/wp-reset//js/',
  'api_ver' => 'v1/',
  'valid_forever' => '2035-01-01',
  'unlimited_installs' => 99999,
  'debug' => true,
  'filesystem_initialized' => false,
)

[Tue, 23 Sep 2025 00:57:49 +0000] wpr: __construct
array (
  'prefix' => 'wpr',
  'licensing_servers' => 
  array (
    0 => 'https://dashboard.wpreset.com/api/',
  ),
  'version' => '2.05',
  'plugin_file' => 'C:\\xampp\\htdocs\\iftheshoefitz\\wp-content\\plugins\\wp-reset\\wp-reset.php',
  'plugin_page' => 'tools_page_wp-reset',
  'skip_hooks' => false,
  'debug' => true,
  'js_folder' => 'http://localhost/iftheshoefitz/wp-content/plugins/wp-reset//js/',
)
array (
  'prefix' => 'wpr',
  'licensing_servers' => 
  array (
    0 => 'https://dashboard.wpreset.com/api/',
  ),
  'version' => '2.05',
  'slug' => 'wp-reset',
  'basename' => 'wp-reset/wp-reset.php',
  'plugin_page' => 'tools_page_wp-reset',
  'plugin_file' => 'C:\\xampp\\htdocs\\iftheshoefitz\\wp-content\\plugins\\wp-reset\\wp-reset.php',
  'js_folder' => 'http://localhost/iftheshoefitz/wp-content/plugins/wp-reset//js/',
  'api_ver' => 'v1/',
  'valid_forever' => '2035-01-01',
  'unlimited_installs' => 99999,
  'debug' => true,
  'filesystem_initialized' => false,
)

[Tue, 23 Sep 2025 00:59:48 +0000] wpr: __construct
array (
  'prefix' => 'wpr',
  'licensing_servers' => 
  array (
    0 => 'https://dashboard.wpreset.com/api/',
  ),
  'version' => '2.05',
  'plugin_file' => 'C:\\xampp\\htdocs\\iftheshoefitz\\wp-content\\plugins\\wp-reset\\wp-reset.php',
  'plugin_page' => 'tools_page_wp-reset',
  'skip_hooks' => false,
  'debug' => true,
  'js_folder' => 'http://localhost/iftheshoefitz/wp-content/plugins/wp-reset//js/',
)
array (
  'prefix' => 'wpr',
  'licensing_servers' => 
  array (
    0 => 'https://dashboard.wpreset.com/api/',
  ),
  'version' => '2.05',
  'slug' => 'wp-reset',
  'basename' => 'wp-reset/wp-reset.php',
  'plugin_page' => 'tools_page_wp-reset',
  'plugin_file' => 'C:\\xampp\\htdocs\\iftheshoefitz\\wp-content\\plugins\\wp-reset\\wp-reset.php',
  'js_folder' => 'http://localhost/iftheshoefitz/wp-content/plugins/wp-reset//js/',
  'api_ver' => 'v1/',
  'valid_forever' => '2035-01-01',
  'unlimited_installs' => 99999,
  'debug' => true,
  'filesystem_initialized' => false,
)

[Tue, 23 Sep 2025 00:59:50 +0000] wpr: __construct
array (
  'prefix' => 'wpr',
  'licensing_servers' => 
  array (
    0 => 'https://dashboard.wpreset.com/api/',
  ),
  'version' => '2.05',
  'plugin_file' => 'C:\\xampp\\htdocs\\iftheshoefitz\\wp-content\\plugins\\wp-reset\\wp-reset.php',
  'plugin_page' => 'tools_page_wp-reset',
  'skip_hooks' => false,
  'debug' => true,
  'js_folder' => 'http://localhost/iftheshoefitz/wp-content/plugins/wp-reset//js/',
)
array (
  'prefix' => 'wpr',
  'licensing_servers' => 
  array (
    0 => 'https://dashboard.wpreset.com/api/',
  ),
  'version' => '2.05',
  'slug' => 'wp-reset',
  'basename' => 'wp-reset/wp-reset.php',
  'plugin_page' => 'tools_page_wp-reset',
  'plugin_file' => 'C:\\xampp\\htdocs\\iftheshoefitz\\wp-content\\plugins\\wp-reset\\wp-reset.php',
  'js_folder' => 'http://localhost/iftheshoefitz/wp-content/plugins/wp-reset//js/',
  'api_ver' => 'v1/',
  'valid_forever' => '2035-01-01',
  'unlimited_installs' => 99999,
  'debug' => true,
  'filesystem_initialized' => false,
)

[Tue, 23 Sep 2025 00:59:51 +0000] wpr: __construct
array (
  'prefix' => 'wpr',
  'licensing_servers' => 
  array (
    0 => 'https://dashboard.wpreset.com/api/',
  ),
  'version' => '2.05',
  'plugin_file' => 'C:\\xampp\\htdocs\\iftheshoefitz\\wp-content\\plugins\\wp-reset\\wp-reset.php',
  'plugin_page' => 'tools_page_wp-reset',
  'skip_hooks' => false,
  'debug' => true,
  'js_folder' => 'http://localhost/iftheshoefitz/wp-content/plugins/wp-reset//js/',
)
array (
  'prefix' => 'wpr',
  'licensing_servers' => 
  array (
    0 => 'https://dashboard.wpreset.com/api/',
  ),
  'version' => '2.05',
  'slug' => 'wp-reset',
  'basename' => 'wp-reset/wp-reset.php',
  'plugin_page' => 'tools_page_wp-reset',
  'plugin_file' => 'C:\\xampp\\htdocs\\iftheshoefitz\\wp-content\\plugins\\wp-reset\\wp-reset.php',
  'js_folder' => 'http://localhost/iftheshoefitz/wp-content/plugins/wp-reset//js/',
  'api_ver' => 'v1/',
  'valid_forever' => '2035-01-01',
  'unlimited_installs' => 99999,
  'debug' => true,
  'filesystem_initialized' => false,
)

[Tue, 23 Sep 2025 01:01:49 +0000] wpr: __construct
array (
  'prefix' => 'wpr',
  'licensing_servers' => 
  array (
    0 => 'https://dashboard.wpreset.com/api/',
  ),
  'version' => '2.05',
  'plugin_file' => 'C:\\xampp\\htdocs\\iftheshoefitz\\wp-content\\plugins\\wp-reset\\wp-reset.php',
  'plugin_page' => 'tools_page_wp-reset',
  'skip_hooks' => false,
  'debug' => true,
  'js_folder' => 'http://localhost/iftheshoefitz/wp-content/plugins/wp-reset//js/',
)
array (
  'prefix' => 'wpr',
  'licensing_servers' => 
  array (
    0 => 'https://dashboard.wpreset.com/api/',
  ),
  'version' => '2.05',
  'slug' => 'wp-reset',
  'basename' => 'wp-reset/wp-reset.php',
  'plugin_page' => 'tools_page_wp-reset',
  'plugin_file' => 'C:\\xampp\\htdocs\\iftheshoefitz\\wp-content\\plugins\\wp-reset\\wp-reset.php',
  'js_folder' => 'http://localhost/iftheshoefitz/wp-content/plugins/wp-reset//js/',
  'api_ver' => 'v1/',
  'valid_forever' => '2035-01-01',
  'unlimited_installs' => 99999,
  'debug' => true,
  'filesystem_initialized' => false,
)

[Tue, 23 Sep 2025 01:01:51 +0000] wpr: __construct
array (
  'prefix' => 'wpr',
  'licensing_servers' => 
  array (
    0 => 'https://dashboard.wpreset.com/api/',
  ),
  'version' => '2.05',
  'plugin_file' => 'C:\\xampp\\htdocs\\iftheshoefitz\\wp-content\\plugins\\wp-reset\\wp-reset.php',
  'plugin_page' => 'tools_page_wp-reset',
  'skip_hooks' => false,
  'debug' => true,
  'js_folder' => 'http://localhost/iftheshoefitz/wp-content/plugins/wp-reset//js/',
)
array (
  'prefix' => 'wpr',
  'licensing_servers' => 
  array (
    0 => 'https://dashboard.wpreset.com/api/',
  ),
  'version' => '2.05',
  'slug' => 'wp-reset',
  'basename' => 'wp-reset/wp-reset.php',
  'plugin_page' => 'tools_page_wp-reset',
  'plugin_file' => 'C:\\xampp\\htdocs\\iftheshoefitz\\wp-content\\plugins\\wp-reset\\wp-reset.php',
  'js_folder' => 'http://localhost/iftheshoefitz/wp-content/plugins/wp-reset//js/',
  'api_ver' => 'v1/',
  'valid_forever' => '2035-01-01',
  'unlimited_installs' => 99999,
  'debug' => true,
  'filesystem_initialized' => false,
)

[Tue, 23 Sep 2025 01:01:52 +0000] wpr: __construct
array (
  'prefix' => 'wpr',
  'licensing_servers' => 
  array (
    0 => 'https://dashboard.wpreset.com/api/',
  ),
  'version' => '2.05',
  'plugin_file' => 'C:\\xampp\\htdocs\\iftheshoefitz\\wp-content\\plugins\\wp-reset\\wp-reset.php',
  'plugin_page' => 'tools_page_wp-reset',
  'skip_hooks' => false,
  'debug' => true,
  'js_folder' => 'http://localhost/iftheshoefitz/wp-content/plugins/wp-reset//js/',
)
array (
  'prefix' => 'wpr',
  'licensing_servers' => 
  array (
    0 => 'https://dashboard.wpreset.com/api/',
  ),
  'version' => '2.05',
  'slug' => 'wp-reset',
  'basename' => 'wp-reset/wp-reset.php',
  'plugin_page' => 'tools_page_wp-reset',
  'plugin_file' => 'C:\\xampp\\htdocs\\iftheshoefitz\\wp-content\\plugins\\wp-reset\\wp-reset.php',
  'js_folder' => 'http://localhost/iftheshoefitz/wp-content/plugins/wp-reset//js/',
  'api_ver' => 'v1/',
  'valid_forever' => '2035-01-01',
  'unlimited_installs' => 99999,
  'debug' => true,
  'filesystem_initialized' => false,
)

[Tue, 23 Sep 2025 01:02:58 +0000] wpr: __construct
array (
  'prefix' => 'wpr',
  'licensing_servers' => 
  array (
    0 => 'https://dashboard.wpreset.com/api/',
  ),
  'version' => '2.05',
  'plugin_file' => 'C:\\xampp\\htdocs\\iftheshoefitz\\wp-content\\plugins\\wp-reset\\wp-reset.php',
  'plugin_page' => 'tools_page_wp-reset',
  'skip_hooks' => false,
  'debug' => true,
  'js_folder' => 'http://localhost/iftheshoefitz/wp-content/plugins/wp-reset//js/',
)
array (
  'prefix' => 'wpr',
  'licensing_servers' => 
  array (
    0 => 'https://dashboard.wpreset.com/api/',
  ),
  'version' => '2.05',
  'slug' => 'wp-reset',
  'basename' => 'wp-reset/wp-reset.php',
  'plugin_page' => 'tools_page_wp-reset',
  'plugin_file' => 'C:\\xampp\\htdocs\\iftheshoefitz\\wp-content\\plugins\\wp-reset\\wp-reset.php',
  'js_folder' => 'http://localhost/iftheshoefitz/wp-content/plugins/wp-reset//js/',
  'api_ver' => 'v1/',
  'valid_forever' => '2035-01-01',
  'unlimited_installs' => 99999,
  'debug' => true,
  'filesystem_initialized' => false,
)

[Tue, 23 Sep 2025 01:02:59 +0000] wpr: __construct
array (
  'prefix' => 'wpr',
  'licensing_servers' => 
  array (
    0 => 'https://dashboard.wpreset.com/api/',
  ),
  'version' => '2.05',
  'plugin_file' => 'C:\\xampp\\htdocs\\iftheshoefitz\\wp-content\\plugins\\wp-reset\\wp-reset.php',
  'plugin_page' => 'tools_page_wp-reset',
  'skip_hooks' => false,
  'debug' => true,
  'js_folder' => 'http://localhost/iftheshoefitz/wp-content/plugins/wp-reset//js/',
)
array (
  'prefix' => 'wpr',
  'licensing_servers' => 
  array (
    0 => 'https://dashboard.wpreset.com/api/',
  ),
  'version' => '2.05',
  'slug' => 'wp-reset',
  'basename' => 'wp-reset/wp-reset.php',
  'plugin_page' => 'tools_page_wp-reset',
  'plugin_file' => 'C:\\xampp\\htdocs\\iftheshoefitz\\wp-content\\plugins\\wp-reset\\wp-reset.php',
  'js_folder' => 'http://localhost/iftheshoefitz/wp-content/plugins/wp-reset//js/',
  'api_ver' => 'v1/',
  'valid_forever' => '2035-01-01',
  'unlimited_installs' => 99999,
  'debug' => true,
  'filesystem_initialized' => false,
)

[Tue, 23 Sep 2025 01:03:07 +0000] wpr: __construct
array (
  'prefix' => 'wpr',
  'licensing_servers' => 
  array (
    0 => 'https://dashboard.wpreset.com/api/',
  ),
  'version' => '2.05',
  'plugin_file' => 'C:\\xampp\\htdocs\\iftheshoefitz\\wp-content\\plugins\\wp-reset\\wp-reset.php',
  'plugin_page' => 'tools_page_wp-reset',
  'skip_hooks' => false,
  'debug' => true,
  'js_folder' => 'http://localhost/iftheshoefitz/wp-content/plugins/wp-reset//js/',
)
array (
  'prefix' => 'wpr',
  'licensing_servers' => 
  array (
    0 => 'https://dashboard.wpreset.com/api/',
  ),
  'version' => '2.05',
  'slug' => 'wp-reset',
  'basename' => 'wp-reset/wp-reset.php',
  'plugin_page' => 'tools_page_wp-reset',
  'plugin_file' => 'C:\\xampp\\htdocs\\iftheshoefitz\\wp-content\\plugins\\wp-reset\\wp-reset.php',
  'js_folder' => 'http://localhost/iftheshoefitz/wp-content/plugins/wp-reset//js/',
  'api_ver' => 'v1/',
  'valid_forever' => '2035-01-01',
  'unlimited_installs' => 99999,
  'debug' => true,
  'filesystem_initialized' => false,
)

[Tue, 23 Sep 2025 01:03:10 +0000] wpr: __construct
array (
  'prefix' => 'wpr',
  'licensing_servers' => 
  array (
    0 => 'https://dashboard.wpreset.com/api/',
  ),
  'version' => '2.05',
  'plugin_file' => 'C:\\xampp\\htdocs\\iftheshoefitz\\wp-content\\plugins\\wp-reset\\wp-reset.php',
  'plugin_page' => 'tools_page_wp-reset',
  'skip_hooks' => false,
  'debug' => true,
  'js_folder' => 'http://localhost/iftheshoefitz/wp-content/plugins/wp-reset//js/',
)
array (
  'prefix' => 'wpr',
  'licensing_servers' => 
  array (
    0 => 'https://dashboard.wpreset.com/api/',
  ),
  'version' => '2.05',
  'slug' => 'wp-reset',
  'basename' => 'wp-reset/wp-reset.php',
  'plugin_page' => 'tools_page_wp-reset',
  'plugin_file' => 'C:\\xampp\\htdocs\\iftheshoefitz\\wp-content\\plugins\\wp-reset\\wp-reset.php',
  'js_folder' => 'http://localhost/iftheshoefitz/wp-content/plugins/wp-reset//js/',
  'api_ver' => 'v1/',
  'valid_forever' => '2035-01-01',
  'unlimited_installs' => 99999,
  'debug' => true,
  'filesystem_initialized' => false,
)

[Tue, 23 Sep 2025 01:03:27 +0000] wpr: __construct
array (
  'prefix' => 'wpr',
  'licensing_servers' => 
  array (
    0 => 'https://dashboard.wpreset.com/api/',
  ),
  'version' => '2.05',
  'plugin_file' => 'C:\\xampp\\htdocs\\iftheshoefitz\\wp-content\\plugins\\wp-reset\\wp-reset.php',
  'plugin_page' => 'tools_page_wp-reset',
  'skip_hooks' => false,
  'debug' => true,
  'js_folder' => 'http://localhost/iftheshoefitz/wp-content/plugins/wp-reset//js/',
)
array (
  'prefix' => 'wpr',
  'licensing_servers' => 
  array (
    0 => 'https://dashboard.wpreset.com/api/',
  ),
  'version' => '2.05',
  'slug' => 'wp-reset',
  'basename' => 'wp-reset/wp-reset.php',
  'plugin_page' => 'tools_page_wp-reset',
  'plugin_file' => 'C:\\xampp\\htdocs\\iftheshoefitz\\wp-content\\plugins\\wp-reset\\wp-reset.php',
  'js_folder' => 'http://localhost/iftheshoefitz/wp-content/plugins/wp-reset//js/',
  'api_ver' => 'v1/',
  'valid_forever' => '2035-01-01',
  'unlimited_installs' => 99999,
  'debug' => true,
  'filesystem_initialized' => false,
)

[Tue, 23 Sep 2025 01:16:34 +0000] wpr: __construct
array (
  'prefix' => 'wpr',
  'licensing_servers' => 
  array (
    0 => 'https://dashboard.wpreset.com/api/',
  ),
  'version' => '2.05',
  'plugin_file' => 'C:\\xampp\\htdocs\\iftheshoefitz\\wp-content\\plugins\\wp-reset\\wp-reset.php',
  'plugin_page' => 'tools_page_wp-reset',
  'skip_hooks' => false,
  'debug' => true,
  'js_folder' => 'http://localhost/iftheshoefitz/wp-content/plugins/wp-reset//js/',
)
array (
  'prefix' => 'wpr',
  'licensing_servers' => 
  array (
    0 => 'https://dashboard.wpreset.com/api/',
  ),
  'version' => '2.05',
  'slug' => 'wp-reset',
  'basename' => 'wp-reset/wp-reset.php',
  'plugin_page' => 'tools_page_wp-reset',
  'plugin_file' => 'C:\\xampp\\htdocs\\iftheshoefitz\\wp-content\\plugins\\wp-reset\\wp-reset.php',
  'js_folder' => 'http://localhost/iftheshoefitz/wp-content/plugins/wp-reset//js/',
  'api_ver' => 'v1/',
  'valid_forever' => '2035-01-01',
  'unlimited_installs' => 99999,
  'debug' => true,
  'filesystem_initialized' => false,
)

[Tue, 23 Sep 2025 01:16:49 +0000] wpr: __construct
array (
  'prefix' => 'wpr',
  'licensing_servers' => 
  array (
    0 => 'https://dashboard.wpreset.com/api/',
  ),
  'version' => '2.05',
  'plugin_file' => 'C:\\xampp\\htdocs\\iftheshoefitz\\wp-content\\plugins\\wp-reset\\wp-reset.php',
  'plugin_page' => 'tools_page_wp-reset',
  'skip_hooks' => false,
  'debug' => true,
  'js_folder' => 'http://localhost/iftheshoefitz/wp-content/plugins/wp-reset//js/',
)
array (
  'prefix' => 'wpr',
  'licensing_servers' => 
  array (
    0 => 'https://dashboard.wpreset.com/api/',
  ),
  'version' => '2.05',
  'slug' => 'wp-reset',
  'basename' => 'wp-reset/wp-reset.php',
  'plugin_page' => 'tools_page_wp-reset',
  'plugin_file' => 'C:\\xampp\\htdocs\\iftheshoefitz\\wp-content\\plugins\\wp-reset\\wp-reset.php',
  'js_folder' => 'http://localhost/iftheshoefitz/wp-content/plugins/wp-reset//js/',
  'api_ver' => 'v1/',
  'valid_forever' => '2035-01-01',
  'unlimited_installs' => 99999,
  'debug' => true,
  'filesystem_initialized' => false,
)

[Tue, 23 Sep 2025 01:16:53 +0000] wpr: __construct
array (
  'prefix' => 'wpr',
  'licensing_servers' => 
  array (
    0 => 'https://dashboard.wpreset.com/api/',
  ),
  'version' => '2.05',
  'plugin_file' => 'C:\\xampp\\htdocs\\iftheshoefitz\\wp-content\\plugins\\wp-reset\\wp-reset.php',
  'plugin_page' => 'tools_page_wp-reset',
  'skip_hooks' => false,
  'debug' => true,
  'js_folder' => 'http://localhost/iftheshoefitz/wp-content/plugins/wp-reset//js/',
)
array (
  'prefix' => 'wpr',
  'licensing_servers' => 
  array (
    0 => 'https://dashboard.wpreset.com/api/',
  ),
  'version' => '2.05',
  'slug' => 'wp-reset',
  'basename' => 'wp-reset/wp-reset.php',
  'plugin_page' => 'tools_page_wp-reset',
  'plugin_file' => 'C:\\xampp\\htdocs\\iftheshoefitz\\wp-content\\plugins\\wp-reset\\wp-reset.php',
  'js_folder' => 'http://localhost/iftheshoefitz/wp-content/plugins/wp-reset//js/',
  'api_ver' => 'v1/',
  'valid_forever' => '2035-01-01',
  'unlimited_installs' => 99999,
  'debug' => true,
  'filesystem_initialized' => false,
)

[Tue, 23 Sep 2025 01:17:59 +0000] wpr: __construct
array (
  'prefix' => 'wpr',
  'licensing_servers' => 
  array (
    0 => 'https://dashboard.wpreset.com/api/',
  ),
  'version' => '2.05',
  'plugin_file' => 'C:\\xampp\\htdocs\\iftheshoefitz\\wp-content\\plugins\\wp-reset\\wp-reset.php',
  'plugin_page' => 'tools_page_wp-reset',
  'skip_hooks' => false,
  'debug' => true,
  'js_folder' => 'http://localhost/iftheshoefitz/wp-content/plugins/wp-reset//js/',
)
array (
  'prefix' => 'wpr',
  'licensing_servers' => 
  array (
    0 => 'https://dashboard.wpreset.com/api/',
  ),
  'version' => '2.05',
  'slug' => 'wp-reset',
  'basename' => 'wp-reset/wp-reset.php',
  'plugin_page' => 'tools_page_wp-reset',
  'plugin_file' => 'C:\\xampp\\htdocs\\iftheshoefitz\\wp-content\\plugins\\wp-reset\\wp-reset.php',
  'js_folder' => 'http://localhost/iftheshoefitz/wp-content/plugins/wp-reset//js/',
  'api_ver' => 'v1/',
  'valid_forever' => '2035-01-01',
  'unlimited_installs' => 99999,
  'debug' => true,
  'filesystem_initialized' => false,
)

[Tue, 23 Sep 2025 01:18:59 +0000] wpr: __construct
array (
  'prefix' => 'wpr',
  'licensing_servers' => 
  array (
    0 => 'https://dashboard.wpreset.com/api/',
  ),
  'version' => '2.05',
  'plugin_file' => 'C:\\xampp\\htdocs\\iftheshoefitz\\wp-content\\plugins\\wp-reset\\wp-reset.php',
  'plugin_page' => 'tools_page_wp-reset',
  'skip_hooks' => false,
  'debug' => true,
  'js_folder' => 'http://localhost/iftheshoefitz/wp-content/plugins/wp-reset//js/',
)
array (
  'prefix' => 'wpr',
  'licensing_servers' => 
  array (
    0 => 'https://dashboard.wpreset.com/api/',
  ),
  'version' => '2.05',
  'slug' => 'wp-reset',
  'basename' => 'wp-reset/wp-reset.php',
  'plugin_page' => 'tools_page_wp-reset',
  'plugin_file' => 'C:\\xampp\\htdocs\\iftheshoefitz\\wp-content\\plugins\\wp-reset\\wp-reset.php',
  'js_folder' => 'http://localhost/iftheshoefitz/wp-content/plugins/wp-reset//js/',
  'api_ver' => 'v1/',
  'valid_forever' => '2035-01-01',
  'unlimited_installs' => 99999,
  'debug' => true,
  'filesystem_initialized' => false,
)

[Tue, 23 Sep 2025 01:21:00 +0000] wpr: __construct
array (
  'prefix' => 'wpr',
  'licensing_servers' => 
  array (
    0 => 'https://dashboard.wpreset.com/api/',
  ),
  'version' => '2.05',
  'plugin_file' => 'C:\\xampp\\htdocs\\iftheshoefitz\\wp-content\\plugins\\wp-reset\\wp-reset.php',
  'plugin_page' => 'tools_page_wp-reset',
  'skip_hooks' => false,
  'debug' => true,
  'js_folder' => 'http://localhost/iftheshoefitz/wp-content/plugins/wp-reset//js/',
)
array (
  'prefix' => 'wpr',
  'licensing_servers' => 
  array (
    0 => 'https://dashboard.wpreset.com/api/',
  ),
  'version' => '2.05',
  'slug' => 'wp-reset',
  'basename' => 'wp-reset/wp-reset.php',
  'plugin_page' => 'tools_page_wp-reset',
  'plugin_file' => 'C:\\xampp\\htdocs\\iftheshoefitz\\wp-content\\plugins\\wp-reset\\wp-reset.php',
  'js_folder' => 'http://localhost/iftheshoefitz/wp-content/plugins/wp-reset//js/',
  'api_ver' => 'v1/',
  'valid_forever' => '2035-01-01',
  'unlimited_installs' => 99999,
  'debug' => true,
  'filesystem_initialized' => false,
)

[Tue, 23 Sep 2025 01:21:03 +0000] wpr: __construct
array (
  'prefix' => 'wpr',
  'licensing_servers' => 
  array (
    0 => 'https://dashboard.wpreset.com/api/',
  ),
  'version' => '2.05',
  'plugin_file' => 'C:\\xampp\\htdocs\\iftheshoefitz\\wp-content\\plugins\\wp-reset\\wp-reset.php',
  'plugin_page' => 'tools_page_wp-reset',
  'skip_hooks' => false,
  'debug' => true,
  'js_folder' => 'http://localhost/iftheshoefitz/wp-content/plugins/wp-reset//js/',
)
array (
  'prefix' => 'wpr',
  'licensing_servers' => 
  array (
    0 => 'https://dashboard.wpreset.com/api/',
  ),
  'version' => '2.05',
  'slug' => 'wp-reset',
  'basename' => 'wp-reset/wp-reset.php',
  'plugin_page' => 'tools_page_wp-reset',
  'plugin_file' => 'C:\\xampp\\htdocs\\iftheshoefitz\\wp-content\\plugins\\wp-reset\\wp-reset.php',
  'js_folder' => 'http://localhost/iftheshoefitz/wp-content/plugins/wp-reset//js/',
  'api_ver' => 'v1/',
  'valid_forever' => '2035-01-01',
  'unlimited_installs' => 99999,
  'debug' => true,
  'filesystem_initialized' => false,
)

[Tue, 23 Sep 2025 01:22:53 +0000] wpr: __construct
array (
  'prefix' => 'wpr',
  'licensing_servers' => 
  array (
    0 => 'https://dashboard.wpreset.com/api/',
  ),
  'version' => '2.05',
  'plugin_file' => 'C:\\xampp\\htdocs\\iftheshoefitz\\wp-content\\plugins\\wp-reset\\wp-reset.php',
  'plugin_page' => 'tools_page_wp-reset',
  'skip_hooks' => false,
  'debug' => true,
  'js_folder' => 'http://localhost/iftheshoefitz/wp-content/plugins/wp-reset//js/',
)
array (
  'prefix' => 'wpr',
  'licensing_servers' => 
  array (
    0 => 'https://dashboard.wpreset.com/api/',
  ),
  'version' => '2.05',
  'slug' => 'wp-reset',
  'basename' => 'wp-reset/wp-reset.php',
  'plugin_page' => 'tools_page_wp-reset',
  'plugin_file' => 'C:\\xampp\\htdocs\\iftheshoefitz\\wp-content\\plugins\\wp-reset\\wp-reset.php',
  'js_folder' => 'http://localhost/iftheshoefitz/wp-content/plugins/wp-reset//js/',
  'api_ver' => 'v1/',
  'valid_forever' => '2035-01-01',
  'unlimited_installs' => 99999,
  'debug' => true,
  'filesystem_initialized' => false,
)

[Tue, 23 Sep 2025 01:22:58 +0000] wpr: __construct
array (
  'prefix' => 'wpr',
  'licensing_servers' => 
  array (
    0 => 'https://dashboard.wpreset.com/api/',
  ),
  'version' => '2.05',
  'plugin_file' => 'C:\\xampp\\htdocs\\iftheshoefitz\\wp-content\\plugins\\wp-reset\\wp-reset.php',
  'plugin_page' => 'tools_page_wp-reset',
  'skip_hooks' => false,
  'debug' => true,
  'js_folder' => 'http://localhost/iftheshoefitz/wp-content/plugins/wp-reset//js/',
)
array (
  'prefix' => 'wpr',
  'licensing_servers' => 
  array (
    0 => 'https://dashboard.wpreset.com/api/',
  ),
  'version' => '2.05',
  'slug' => 'wp-reset',
  'basename' => 'wp-reset/wp-reset.php',
  'plugin_page' => 'tools_page_wp-reset',
  'plugin_file' => 'C:\\xampp\\htdocs\\iftheshoefitz\\wp-content\\plugins\\wp-reset\\wp-reset.php',
  'js_folder' => 'http://localhost/iftheshoefitz/wp-content/plugins/wp-reset//js/',
  'api_ver' => 'v1/',
  'valid_forever' => '2035-01-01',
  'unlimited_installs' => 99999,
  'debug' => true,
  'filesystem_initialized' => false,
)

[Tue, 23 Sep 2025 01:24:53 +0000] wpr: __construct
array (
  'prefix' => 'wpr',
  'licensing_servers' => 
  array (
    0 => 'https://dashboard.wpreset.com/api/',
  ),
  'version' => '2.05',
  'plugin_file' => 'C:\\xampp\\htdocs\\iftheshoefitz\\wp-content\\plugins\\wp-reset\\wp-reset.php',
  'plugin_page' => 'tools_page_wp-reset',
  'skip_hooks' => false,
  'debug' => true,
  'js_folder' => 'http://localhost/iftheshoefitz/wp-content/plugins/wp-reset//js/',
)
array (
  'prefix' => 'wpr',
  'licensing_servers' => 
  array (
    0 => 'https://dashboard.wpreset.com/api/',
  ),
  'version' => '2.05',
  'slug' => 'wp-reset',
  'basename' => 'wp-reset/wp-reset.php',
  'plugin_page' => 'tools_page_wp-reset',
  'plugin_file' => 'C:\\xampp\\htdocs\\iftheshoefitz\\wp-content\\plugins\\wp-reset\\wp-reset.php',
  'js_folder' => 'http://localhost/iftheshoefitz/wp-content/plugins/wp-reset//js/',
  'api_ver' => 'v1/',
  'valid_forever' => '2035-01-01',
  'unlimited_installs' => 99999,
  'debug' => true,
  'filesystem_initialized' => false,
)

[Tue, 23 Sep 2025 01:26:55 +0000] wpr: __construct
array (
  'prefix' => 'wpr',
  'licensing_servers' => 
  array (
    0 => 'https://dashboard.wpreset.com/api/',
  ),
  'version' => '2.05',
  'plugin_file' => 'C:\\xampp\\htdocs\\iftheshoefitz\\wp-content\\plugins\\wp-reset\\wp-reset.php',
  'plugin_page' => 'tools_page_wp-reset',
  'skip_hooks' => false,
  'debug' => true,
  'js_folder' => 'http://localhost/iftheshoefitz/wp-content/plugins/wp-reset//js/',
)
array (
  'prefix' => 'wpr',
  'licensing_servers' => 
  array (
    0 => 'https://dashboard.wpreset.com/api/',
  ),
  'version' => '2.05',
  'slug' => 'wp-reset',
  'basename' => 'wp-reset/wp-reset.php',
  'plugin_page' => 'tools_page_wp-reset',
  'plugin_file' => 'C:\\xampp\\htdocs\\iftheshoefitz\\wp-content\\plugins\\wp-reset\\wp-reset.php',
  'js_folder' => 'http://localhost/iftheshoefitz/wp-content/plugins/wp-reset//js/',
  'api_ver' => 'v1/',
  'valid_forever' => '2035-01-01',
  'unlimited_installs' => 99999,
  'debug' => true,
  'filesystem_initialized' => false,
)

[Tue, 23 Sep 2025 01:26:58 +0000] wpr: __construct
array (
  'prefix' => 'wpr',
  'licensing_servers' => 
  array (
    0 => 'https://dashboard.wpreset.com/api/',
  ),
  'version' => '2.05',
  'plugin_file' => 'C:\\xampp\\htdocs\\iftheshoefitz\\wp-content\\plugins\\wp-reset\\wp-reset.php',
  'plugin_page' => 'tools_page_wp-reset',
  'skip_hooks' => false,
  'debug' => true,
  'js_folder' => 'http://localhost/iftheshoefitz/wp-content/plugins/wp-reset//js/',
)
array (
  'prefix' => 'wpr',
  'licensing_servers' => 
  array (
    0 => 'https://dashboard.wpreset.com/api/',
  ),
  'version' => '2.05',
  'slug' => 'wp-reset',
  'basename' => 'wp-reset/wp-reset.php',
  'plugin_page' => 'tools_page_wp-reset',
  'plugin_file' => 'C:\\xampp\\htdocs\\iftheshoefitz\\wp-content\\plugins\\wp-reset\\wp-reset.php',
  'js_folder' => 'http://localhost/iftheshoefitz/wp-content/plugins/wp-reset//js/',
  'api_ver' => 'v1/',
  'valid_forever' => '2035-01-01',
  'unlimited_installs' => 99999,
  'debug' => true,
  'filesystem_initialized' => false,
)

[Tue, 23 Sep 2025 01:45:54 +0000] wpr: __construct
array (
  'prefix' => 'wpr',
  'licensing_servers' => 
  array (
    0 => 'https://dashboard.wpreset.com/api/',
  ),
  'version' => '2.05',
  'plugin_file' => 'C:\\xampp\\htdocs\\iftheshoefitz\\wp-content\\plugins\\wp-reset\\wp-reset.php',
  'plugin_page' => 'tools_page_wp-reset',
  'skip_hooks' => false,
  'debug' => true,
  'js_folder' => 'http://localhost/iftheshoefitz/wp-content/plugins/wp-reset//js/',
)
array (
  'prefix' => 'wpr',
  'licensing_servers' => 
  array (
    0 => 'https://dashboard.wpreset.com/api/',
  ),
  'version' => '2.05',
  'slug' => 'wp-reset',
  'basename' => 'wp-reset/wp-reset.php',
  'plugin_page' => 'tools_page_wp-reset',
  'plugin_file' => 'C:\\xampp\\htdocs\\iftheshoefitz\\wp-content\\plugins\\wp-reset\\wp-reset.php',
  'js_folder' => 'http://localhost/iftheshoefitz/wp-content/plugins/wp-reset//js/',
  'api_ver' => 'v1/',
  'valid_forever' => '2035-01-01',
  'unlimited_installs' => 99999,
  'debug' => true,
  'filesystem_initialized' => false,
)

[Tue, 23 Sep 2025 07:53:53 +0000] wpr: __construct
array (
  'prefix' => 'wpr',
  'licensing_servers' => 
  array (
    0 => 'https://dashboard.wpreset.com/api/',
  ),
  'version' => '2.05',
  'plugin_file' => 'C:\\xampp\\htdocs\\iftheshoefitz\\wp-content\\plugins\\wp-reset\\wp-reset.php',
  'plugin_page' => 'tools_page_wp-reset',
  'skip_hooks' => false,
  'debug' => true,
  'js_folder' => 'http://localhost/iftheshoefitz/wp-content/plugins/wp-reset//js/',
)
array (
  'prefix' => 'wpr',
  'licensing_servers' => 
  array (
    0 => 'https://dashboard.wpreset.com/api/',
  ),
  'version' => '2.05',
  'slug' => 'wp-reset',
  'basename' => 'wp-reset/wp-reset.php',
  'plugin_page' => 'tools_page_wp-reset',
  'plugin_file' => 'C:\\xampp\\htdocs\\iftheshoefitz\\wp-content\\plugins\\wp-reset\\wp-reset.php',
  'js_folder' => 'http://localhost/iftheshoefitz/wp-content/plugins/wp-reset//js/',
  'api_ver' => 'v1/',
  'valid_forever' => '2035-01-01',
  'unlimited_installs' => 99999,
  'debug' => true,
  'filesystem_initialized' => false,
)

[Tue, 23 Sep 2025 07:53:56 +0000] wpr: __construct
array (
  'prefix' => 'wpr',
  'licensing_servers' => 
  array (
    0 => 'https://dashboard.wpreset.com/api/',
  ),
  'version' => '2.05',
  'plugin_file' => 'C:\\xampp\\htdocs\\iftheshoefitz\\wp-content\\plugins\\wp-reset\\wp-reset.php',
  'plugin_page' => 'tools_page_wp-reset',
  'skip_hooks' => false,
  'debug' => true,
  'js_folder' => 'http://localhost/iftheshoefitz/wp-content/plugins/wp-reset//js/',
)
array (
  'prefix' => 'wpr',
  'licensing_servers' => 
  array (
    0 => 'https://dashboard.wpreset.com/api/',
  ),
  'version' => '2.05',
  'slug' => 'wp-reset',
  'basename' => 'wp-reset/wp-reset.php',
  'plugin_page' => 'tools_page_wp-reset',
  'plugin_file' => 'C:\\xampp\\htdocs\\iftheshoefitz\\wp-content\\plugins\\wp-reset\\wp-reset.php',
  'js_folder' => 'http://localhost/iftheshoefitz/wp-content/plugins/wp-reset//js/',
  'api_ver' => 'v1/',
  'valid_forever' => '2035-01-01',
  'unlimited_installs' => 99999,
  'debug' => true,
  'filesystem_initialized' => false,
)

[Tue, 23 Sep 2025 07:54:17 +0000] wpr: __construct
array (
  'prefix' => 'wpr',
  'licensing_servers' => 
  array (
    0 => 'https://dashboard.wpreset.com/api/',
  ),
  'version' => '2.05',
  'plugin_file' => 'C:\\xampp\\htdocs\\iftheshoefitz\\wp-content\\plugins\\wp-reset\\wp-reset.php',
  'plugin_page' => 'tools_page_wp-reset',
  'skip_hooks' => false,
  'debug' => true,
  'js_folder' => 'http://localhost/iftheshoefitz/wp-content/plugins/wp-reset//js/',
)
array (
  'prefix' => 'wpr',
  'licensing_servers' => 
  array (
    0 => 'https://dashboard.wpreset.com/api/',
  ),
  'version' => '2.05',
  'slug' => 'wp-reset',
  'basename' => 'wp-reset/wp-reset.php',
  'plugin_page' => 'tools_page_wp-reset',
  'plugin_file' => 'C:\\xampp\\htdocs\\iftheshoefitz\\wp-content\\plugins\\wp-reset\\wp-reset.php',
  'js_folder' => 'http://localhost/iftheshoefitz/wp-content/plugins/wp-reset//js/',
  'api_ver' => 'v1/',
  'valid_forever' => '2035-01-01',
  'unlimited_installs' => 99999,
  'debug' => true,
  'filesystem_initialized' => false,
)

[Tue, 23 Sep 2025 07:54:58 +0000] wpr: __construct
array (
  'prefix' => 'wpr',
  'licensing_servers' => 
  array (
    0 => 'https://dashboard.wpreset.com/api/',
  ),
  'version' => '2.05',
  'plugin_file' => 'C:\\xampp\\htdocs\\iftheshoefitz\\wp-content\\plugins\\wp-reset\\wp-reset.php',
  'plugin_page' => 'tools_page_wp-reset',
  'skip_hooks' => false,
  'debug' => true,
  'js_folder' => 'http://localhost/iftheshoefitz/wp-content/plugins/wp-reset//js/',
)
array (
  'prefix' => 'wpr',
  'licensing_servers' => 
  array (
    0 => 'https://dashboard.wpreset.com/api/',
  ),
  'version' => '2.05',
  'slug' => 'wp-reset',
  'basename' => 'wp-reset/wp-reset.php',
  'plugin_page' => 'tools_page_wp-reset',
  'plugin_file' => 'C:\\xampp\\htdocs\\iftheshoefitz\\wp-content\\plugins\\wp-reset\\wp-reset.php',
  'js_folder' => 'http://localhost/iftheshoefitz/wp-content/plugins/wp-reset//js/',
  'api_ver' => 'v1/',
  'valid_forever' => '2035-01-01',
  'unlimited_installs' => 99999,
  'debug' => true,
  'filesystem_initialized' => false,
)

[Tue, 23 Sep 2025 07:55:43 +0000] wpr: __construct
array (
  'prefix' => 'wpr',
  'licensing_servers' => 
  array (
    0 => 'https://dashboard.wpreset.com/api/',
  ),
  'version' => '2.05',
  'plugin_file' => 'C:\\xampp\\htdocs\\iftheshoefitz\\wp-content\\plugins\\wp-reset\\wp-reset.php',
  'plugin_page' => 'tools_page_wp-reset',
  'skip_hooks' => false,
  'debug' => true,
  'js_folder' => 'http://localhost/iftheshoefitz/wp-content/plugins/wp-reset//js/',
)
array (
  'prefix' => 'wpr',
  'licensing_servers' => 
  array (
    0 => 'https://dashboard.wpreset.com/api/',
  ),
  'version' => '2.05',
  'slug' => 'wp-reset',
  'basename' => 'wp-reset/wp-reset.php',
  'plugin_page' => 'tools_page_wp-reset',
  'plugin_file' => 'C:\\xampp\\htdocs\\iftheshoefitz\\wp-content\\plugins\\wp-reset\\wp-reset.php',
  'js_folder' => 'http://localhost/iftheshoefitz/wp-content/plugins/wp-reset//js/',
  'api_ver' => 'v1/',
  'valid_forever' => '2035-01-01',
  'unlimited_installs' => 99999,
  'debug' => true,
  'filesystem_initialized' => false,
)

[Tue, 23 Sep 2025 07:56:36 +0000] wpr: __construct
array (
  'prefix' => 'wpr',
  'licensing_servers' => 
  array (
    0 => 'https://dashboard.wpreset.com/api/',
  ),
  'version' => '2.05',
  'plugin_file' => 'C:\\xampp\\htdocs\\iftheshoefitz\\wp-content\\plugins\\wp-reset\\wp-reset.php',
  'plugin_page' => 'tools_page_wp-reset',
  'skip_hooks' => false,
  'debug' => true,
  'js_folder' => 'http://localhost/iftheshoefitz/wp-content/plugins/wp-reset//js/',
)
array (
  'prefix' => 'wpr',
  'licensing_servers' => 
  array (
    0 => 'https://dashboard.wpreset.com/api/',
  ),
  'version' => '2.05',
  'slug' => 'wp-reset',
  'basename' => 'wp-reset/wp-reset.php',
  'plugin_page' => 'tools_page_wp-reset',
  'plugin_file' => 'C:\\xampp\\htdocs\\iftheshoefitz\\wp-content\\plugins\\wp-reset\\wp-reset.php',
  'js_folder' => 'http://localhost/iftheshoefitz/wp-content/plugins/wp-reset//js/',
  'api_ver' => 'v1/',
  'valid_forever' => '2035-01-01',
  'unlimited_installs' => 99999,
  'debug' => true,
  'filesystem_initialized' => false,
)

[Tue, 23 Sep 2025 07:56:40 +0000] wpr: __construct
array (
  'prefix' => 'wpr',
  'licensing_servers' => 
  array (
    0 => 'https://dashboard.wpreset.com/api/',
  ),
  'version' => '2.05',
  'plugin_file' => 'C:\\xampp\\htdocs\\iftheshoefitz\\wp-content\\plugins\\wp-reset\\wp-reset.php',
  'plugin_page' => 'tools_page_wp-reset',
  'skip_hooks' => false,
  'debug' => true,
  'js_folder' => 'http://localhost/iftheshoefitz/wp-content/plugins/wp-reset//js/',
)
array (
  'prefix' => 'wpr',
  'licensing_servers' => 
  array (
    0 => 'https://dashboard.wpreset.com/api/',
  ),
  'version' => '2.05',
  'slug' => 'wp-reset',
  'basename' => 'wp-reset/wp-reset.php',
  'plugin_page' => 'tools_page_wp-reset',
  'plugin_file' => 'C:\\xampp\\htdocs\\iftheshoefitz\\wp-content\\plugins\\wp-reset\\wp-reset.php',
  'js_folder' => 'http://localhost/iftheshoefitz/wp-content/plugins/wp-reset//js/',
  'api_ver' => 'v1/',
  'valid_forever' => '2035-01-01',
  'unlimited_installs' => 99999,
  'debug' => true,
  'filesystem_initialized' => false,
)

[Tue, 23 Sep 2025 07:56:46 +0000] wpr: __construct
array (
  'prefix' => 'wpr',
  'licensing_servers' => 
  array (
    0 => 'https://dashboard.wpreset.com/api/',
  ),
  'version' => '2.05',
  'plugin_file' => 'C:\\xampp\\htdocs\\iftheshoefitz\\wp-content\\plugins\\wp-reset\\wp-reset.php',
  'plugin_page' => 'tools_page_wp-reset',
  'skip_hooks' => false,
  'debug' => true,
  'js_folder' => 'http://localhost/iftheshoefitz/wp-content/plugins/wp-reset//js/',
)
array (
  'prefix' => 'wpr',
  'licensing_servers' => 
  array (
    0 => 'https://dashboard.wpreset.com/api/',
  ),
  'version' => '2.05',
  'slug' => 'wp-reset',
  'basename' => 'wp-reset/wp-reset.php',
  'plugin_page' => 'tools_page_wp-reset',
  'plugin_file' => 'C:\\xampp\\htdocs\\iftheshoefitz\\wp-content\\plugins\\wp-reset\\wp-reset.php',
  'js_folder' => 'http://localhost/iftheshoefitz/wp-content/plugins/wp-reset//js/',
  'api_ver' => 'v1/',
  'valid_forever' => '2035-01-01',
  'unlimited_installs' => 99999,
  'debug' => true,
  'filesystem_initialized' => false,
)

[Tue, 23 Sep 2025 07:56:51 +0000] wpr: __construct
array (
  'prefix' => 'wpr',
  'licensing_servers' => 
  array (
    0 => 'https://dashboard.wpreset.com/api/',
  ),
  'version' => '2.05',
  'plugin_file' => 'C:\\xampp\\htdocs\\iftheshoefitz\\wp-content\\plugins\\wp-reset\\wp-reset.php',
  'plugin_page' => 'tools_page_wp-reset',
  'skip_hooks' => false,
  'debug' => true,
  'js_folder' => 'http://localhost/iftheshoefitz/wp-content/plugins/wp-reset//js/',
)
array (
  'prefix' => 'wpr',
  'licensing_servers' => 
  array (
    0 => 'https://dashboard.wpreset.com/api/',
  ),
  'version' => '2.05',
  'slug' => 'wp-reset',
  'basename' => 'wp-reset/wp-reset.php',
  'plugin_page' => 'tools_page_wp-reset',
  'plugin_file' => 'C:\\xampp\\htdocs\\iftheshoefitz\\wp-content\\plugins\\wp-reset\\wp-reset.php',
  'js_folder' => 'http://localhost/iftheshoefitz/wp-content/plugins/wp-reset//js/',
  'api_ver' => 'v1/',
  'valid_forever' => '2035-01-01',
  'unlimited_installs' => 99999,
  'debug' => true,
  'filesystem_initialized' => false,
)

[Tue, 23 Sep 2025 07:57:16 +0000] wpr: __construct
array (
  'prefix' => 'wpr',
  'licensing_servers' => 
  array (
    0 => 'https://dashboard.wpreset.com/api/',
  ),
  'version' => '2.05',
  'plugin_file' => 'C:\\xampp\\htdocs\\iftheshoefitz\\wp-content\\plugins\\wp-reset\\wp-reset.php',
  'plugin_page' => 'tools_page_wp-reset',
  'skip_hooks' => false,
  'debug' => true,
  'js_folder' => 'http://localhost/iftheshoefitz/wp-content/plugins/wp-reset//js/',
)
array (
  'prefix' => 'wpr',
  'licensing_servers' => 
  array (
    0 => 'https://dashboard.wpreset.com/api/',
  ),
  'version' => '2.05',
  'slug' => 'wp-reset',
  'basename' => 'wp-reset/wp-reset.php',
  'plugin_page' => 'tools_page_wp-reset',
  'plugin_file' => 'C:\\xampp\\htdocs\\iftheshoefitz\\wp-content\\plugins\\wp-reset\\wp-reset.php',
  'js_folder' => 'http://localhost/iftheshoefitz/wp-content/plugins/wp-reset//js/',
  'api_ver' => 'v1/',
  'valid_forever' => '2035-01-01',
  'unlimited_installs' => 99999,
  'debug' => true,
  'filesystem_initialized' => false,
)

[Tue, 23 Sep 2025 07:57:38 +0000] wpr: __construct
array (
  'prefix' => 'wpr',
  'licensing_servers' => 
  array (
    0 => 'https://dashboard.wpreset.com/api/',
  ),
  'version' => '2.05',
  'plugin_file' => 'C:\\xampp\\htdocs\\iftheshoefitz\\wp-content\\plugins\\wp-reset\\wp-reset.php',
  'plugin_page' => 'tools_page_wp-reset',
  'skip_hooks' => false,
  'debug' => true,
  'js_folder' => 'http://localhost/iftheshoefitz/wp-content/plugins/wp-reset//js/',
)
array (
  'prefix' => 'wpr',
  'licensing_servers' => 
  array (
    0 => 'https://dashboard.wpreset.com/api/',
  ),
  'version' => '2.05',
  'slug' => 'wp-reset',
  'basename' => 'wp-reset/wp-reset.php',
  'plugin_page' => 'tools_page_wp-reset',
  'plugin_file' => 'C:\\xampp\\htdocs\\iftheshoefitz\\wp-content\\plugins\\wp-reset\\wp-reset.php',
  'js_folder' => 'http://localhost/iftheshoefitz/wp-content/plugins/wp-reset//js/',
  'api_ver' => 'v1/',
  'valid_forever' => '2035-01-01',
  'unlimited_installs' => 99999,
  'debug' => true,
  'filesystem_initialized' => false,
)

[Tue, 23 Sep 2025 07:57:46 +0000] wpr: __construct
array (
  'prefix' => 'wpr',
  'licensing_servers' => 
  array (
    0 => 'https://dashboard.wpreset.com/api/',
  ),
  'version' => '2.05',
  'plugin_file' => 'C:\\xampp\\htdocs\\iftheshoefitz\\wp-content\\plugins\\wp-reset\\wp-reset.php',
  'plugin_page' => 'tools_page_wp-reset',
  'skip_hooks' => false,
  'debug' => true,
  'js_folder' => 'http://localhost/iftheshoefitz/wp-content/plugins/wp-reset//js/',
)
array (
  'prefix' => 'wpr',
  'licensing_servers' => 
  array (
    0 => 'https://dashboard.wpreset.com/api/',
  ),
  'version' => '2.05',
  'slug' => 'wp-reset',
  'basename' => 'wp-reset/wp-reset.php',
  'plugin_page' => 'tools_page_wp-reset',
  'plugin_file' => 'C:\\xampp\\htdocs\\iftheshoefitz\\wp-content\\plugins\\wp-reset\\wp-reset.php',
  'js_folder' => 'http://localhost/iftheshoefitz/wp-content/plugins/wp-reset//js/',
  'api_ver' => 'v1/',
  'valid_forever' => '2035-01-01',
  'unlimited_installs' => 99999,
  'debug' => true,
  'filesystem_initialized' => false,
)

[Tue, 23 Sep 2025 07:57:51 +0000] wpr: __construct
array (
  'prefix' => 'wpr',
  'licensing_servers' => 
  array (
    0 => 'https://dashboard.wpreset.com/api/',
  ),
  'version' => '2.05',
  'plugin_file' => 'C:\\xampp\\htdocs\\iftheshoefitz\\wp-content\\plugins\\wp-reset\\wp-reset.php',
  'plugin_page' => 'tools_page_wp-reset',
  'skip_hooks' => false,
  'debug' => true,
  'js_folder' => 'http://localhost/iftheshoefitz/wp-content/plugins/wp-reset//js/',
)
array (
  'prefix' => 'wpr',
  'licensing_servers' => 
  array (
    0 => 'https://dashboard.wpreset.com/api/',
  ),
  'version' => '2.05',
  'slug' => 'wp-reset',
  'basename' => 'wp-reset/wp-reset.php',
  'plugin_page' => 'tools_page_wp-reset',
  'plugin_file' => 'C:\\xampp\\htdocs\\iftheshoefitz\\wp-content\\plugins\\wp-reset\\wp-reset.php',
  'js_folder' => 'http://localhost/iftheshoefitz/wp-content/plugins/wp-reset//js/',
  'api_ver' => 'v1/',
  'valid_forever' => '2035-01-01',
  'unlimited_installs' => 99999,
  'debug' => true,
  'filesystem_initialized' => false,
)

[Tue, 23 Sep 2025 07:58:26 +0000] wpr: __construct
array (
  'prefix' => 'wpr',
  'licensing_servers' => 
  array (
    0 => 'https://dashboard.wpreset.com/api/',
  ),
  'version' => '2.05',
  'plugin_file' => 'C:\\xampp\\htdocs\\iftheshoefitz\\wp-content\\plugins\\wp-reset\\wp-reset.php',
  'plugin_page' => 'tools_page_wp-reset',
  'skip_hooks' => false,
  'debug' => true,
  'js_folder' => 'http://localhost/iftheshoefitz/wp-content/plugins/wp-reset//js/',
)
array (
  'prefix' => 'wpr',
  'licensing_servers' => 
  array (
    0 => 'https://dashboard.wpreset.com/api/',
  ),
  'version' => '2.05',
  'slug' => 'wp-reset',
  'basename' => 'wp-reset/wp-reset.php',
  'plugin_page' => 'tools_page_wp-reset',
  'plugin_file' => 'C:\\xampp\\htdocs\\iftheshoefitz\\wp-content\\plugins\\wp-reset\\wp-reset.php',
  'js_folder' => 'http://localhost/iftheshoefitz/wp-content/plugins/wp-reset//js/',
  'api_ver' => 'v1/',
  'valid_forever' => '2035-01-01',
  'unlimited_installs' => 99999,
  'debug' => true,
  'filesystem_initialized' => false,
)

[Tue, 23 Sep 2025 08:03:00 +0000] wpr: __construct
array (
  'prefix' => 'wpr',
  'licensing_servers' => 
  array (
    0 => 'https://dashboard.wpreset.com/api/',
  ),
  'version' => '2.05',
  'plugin_file' => 'C:\\xampp\\htdocs\\iftheshoefitz\\wp-content\\plugins\\wp-reset\\wp-reset.php',
  'plugin_page' => 'tools_page_wp-reset',
  'skip_hooks' => false,
  'debug' => true,
  'js_folder' => 'http://localhost/iftheshoefitz/wp-content/plugins/wp-reset//js/',
)
array (
  'prefix' => 'wpr',
  'licensing_servers' => 
  array (
    0 => 'https://dashboard.wpreset.com/api/',
  ),
  'version' => '2.05',
  'slug' => 'wp-reset',
  'basename' => 'wp-reset/wp-reset.php',
  'plugin_page' => 'tools_page_wp-reset',
  'plugin_file' => 'C:\\xampp\\htdocs\\iftheshoefitz\\wp-content\\plugins\\wp-reset\\wp-reset.php',
  'js_folder' => 'http://localhost/iftheshoefitz/wp-content/plugins/wp-reset//js/',
  'api_ver' => 'v1/',
  'valid_forever' => '2035-01-01',
  'unlimited_installs' => 99999,
  'debug' => true,
  'filesystem_initialized' => false,
)

[Tue, 23 Sep 2025 08:05:45 +0000] wpr: __construct
array (
  'prefix' => 'wpr',
  'licensing_servers' => 
  array (
    0 => 'https://dashboard.wpreset.com/api/',
  ),
  'version' => '2.05',
  'plugin_file' => 'C:\\xampp\\htdocs\\iftheshoefitz\\wp-content\\plugins\\wp-reset\\wp-reset.php',
  'plugin_page' => 'tools_page_wp-reset',
  'skip_hooks' => false,
  'debug' => true,
  'js_folder' => 'http://localhost/iftheshoefitz/wp-content/plugins/wp-reset//js/',
)
array (
  'prefix' => 'wpr',
  'licensing_servers' => 
  array (
    0 => 'https://dashboard.wpreset.com/api/',
  ),
  'version' => '2.05',
  'slug' => 'wp-reset',
  'basename' => 'wp-reset/wp-reset.php',
  'plugin_page' => 'tools_page_wp-reset',
  'plugin_file' => 'C:\\xampp\\htdocs\\iftheshoefitz\\wp-content\\plugins\\wp-reset\\wp-reset.php',
  'js_folder' => 'http://localhost/iftheshoefitz/wp-content/plugins/wp-reset//js/',
  'api_ver' => 'v1/',
  'valid_forever' => '2035-01-01',
  'unlimited_installs' => 99999,
  'debug' => true,
  'filesystem_initialized' => false,
)

[Tue, 23 Sep 2025 08:05:59 +0000] wpr: __construct
array (
  'prefix' => 'wpr',
  'licensing_servers' => 
  array (
    0 => 'https://dashboard.wpreset.com/api/',
  ),
  'version' => '2.05',
  'plugin_file' => 'C:\\xampp\\htdocs\\iftheshoefitz\\wp-content\\plugins\\wp-reset\\wp-reset.php',
  'plugin_page' => 'tools_page_wp-reset',
  'skip_hooks' => false,
  'debug' => true,
  'js_folder' => 'http://localhost/iftheshoefitz/wp-content/plugins/wp-reset//js/',
)
array (
  'prefix' => 'wpr',
  'licensing_servers' => 
  array (
    0 => 'https://dashboard.wpreset.com/api/',
  ),
  'version' => '2.05',
  'slug' => 'wp-reset',
  'basename' => 'wp-reset/wp-reset.php',
  'plugin_page' => 'tools_page_wp-reset',
  'plugin_file' => 'C:\\xampp\\htdocs\\iftheshoefitz\\wp-content\\plugins\\wp-reset\\wp-reset.php',
  'js_folder' => 'http://localhost/iftheshoefitz/wp-content/plugins/wp-reset//js/',
  'api_ver' => 'v1/',
  'valid_forever' => '2035-01-01',
  'unlimited_installs' => 99999,
  'debug' => true,
  'filesystem_initialized' => false,
)

[Tue, 23 Sep 2025 08:07:06 +0000] wpr: __construct
array (
  'prefix' => 'wpr',
  'licensing_servers' => 
  array (
    0 => 'https://dashboard.wpreset.com/api/',
  ),
  'version' => '2.05',
  'plugin_file' => 'C:\\xampp\\htdocs\\iftheshoefitz\\wp-content\\plugins\\wp-reset\\wp-reset.php',
  'plugin_page' => 'tools_page_wp-reset',
  'skip_hooks' => false,
  'debug' => true,
  'js_folder' => 'http://localhost/iftheshoefitz/wp-content/plugins/wp-reset//js/',
)
array (
  'prefix' => 'wpr',
  'licensing_servers' => 
  array (
    0 => 'https://dashboard.wpreset.com/api/',
  ),
  'version' => '2.05',
  'slug' => 'wp-reset',
  'basename' => 'wp-reset/wp-reset.php',
  'plugin_page' => 'tools_page_wp-reset',
  'plugin_file' => 'C:\\xampp\\htdocs\\iftheshoefitz\\wp-content\\plugins\\wp-reset\\wp-reset.php',
  'js_folder' => 'http://localhost/iftheshoefitz/wp-content/plugins/wp-reset//js/',
  'api_ver' => 'v1/',
  'valid_forever' => '2035-01-01',
  'unlimited_installs' => 99999,
  'debug' => true,
  'filesystem_initialized' => false,
)

[Tue, 23 Sep 2025 08:07:15 +0000] wpr: __construct
array (
  'prefix' => 'wpr',
  'licensing_servers' => 
  array (
    0 => 'https://dashboard.wpreset.com/api/',
  ),
  'version' => '2.05',
  'plugin_file' => 'C:\\xampp\\htdocs\\iftheshoefitz\\wp-content\\plugins\\wp-reset\\wp-reset.php',
  'plugin_page' => 'tools_page_wp-reset',
  'skip_hooks' => false,
  'debug' => true,
  'js_folder' => 'http://localhost/iftheshoefitz/wp-content/plugins/wp-reset//js/',
)
array (
  'prefix' => 'wpr',
  'licensing_servers' => 
  array (
    0 => 'https://dashboard.wpreset.com/api/',
  ),
  'version' => '2.05',
  'slug' => 'wp-reset',
  'basename' => 'wp-reset/wp-reset.php',
  'plugin_page' => 'tools_page_wp-reset',
  'plugin_file' => 'C:\\xampp\\htdocs\\iftheshoefitz\\wp-content\\plugins\\wp-reset\\wp-reset.php',
  'js_folder' => 'http://localhost/iftheshoefitz/wp-content/plugins/wp-reset//js/',
  'api_ver' => 'v1/',
  'valid_forever' => '2035-01-01',
  'unlimited_installs' => 99999,
  'debug' => true,
  'filesystem_initialized' => false,
)

[Tue, 23 Sep 2025 08:08:07 +0000] wpr: __construct
array (
  'prefix' => 'wpr',
  'licensing_servers' => 
  array (
    0 => 'https://dashboard.wpreset.com/api/',
  ),
  'version' => '2.05',
  'plugin_file' => 'C:\\xampp\\htdocs\\iftheshoefitz\\wp-content\\plugins\\wp-reset\\wp-reset.php',
  'plugin_page' => 'tools_page_wp-reset',
  'skip_hooks' => false,
  'debug' => true,
  'js_folder' => 'http://localhost/iftheshoefitz/wp-content/plugins/wp-reset//js/',
)
array (
  'prefix' => 'wpr',
  'licensing_servers' => 
  array (
    0 => 'https://dashboard.wpreset.com/api/',
  ),
  'version' => '2.05',
  'slug' => 'wp-reset',
  'basename' => 'wp-reset/wp-reset.php',
  'plugin_page' => 'tools_page_wp-reset',
  'plugin_file' => 'C:\\xampp\\htdocs\\iftheshoefitz\\wp-content\\plugins\\wp-reset\\wp-reset.php',
  'js_folder' => 'http://localhost/iftheshoefitz/wp-content/plugins/wp-reset//js/',
  'api_ver' => 'v1/',
  'valid_forever' => '2035-01-01',
  'unlimited_installs' => 99999,
  'debug' => true,
  'filesystem_initialized' => false,
)

[Tue, 23 Sep 2025 08:09:02 +0000] wpr: __construct
array (
  'prefix' => 'wpr',
  'licensing_servers' => 
  array (
    0 => 'https://dashboard.wpreset.com/api/',
  ),
  'version' => '2.05',
  'plugin_file' => 'C:\\xampp\\htdocs\\iftheshoefitz\\wp-content\\plugins\\wp-reset\\wp-reset.php',
  'plugin_page' => 'tools_page_wp-reset',
  'skip_hooks' => false,
  'debug' => true,
  'js_folder' => 'http://localhost/iftheshoefitz/wp-content/plugins/wp-reset//js/',
)
array (
  'prefix' => 'wpr',
  'licensing_servers' => 
  array (
    0 => 'https://dashboard.wpreset.com/api/',
  ),
  'version' => '2.05',
  'slug' => 'wp-reset',
  'basename' => 'wp-reset/wp-reset.php',
  'plugin_page' => 'tools_page_wp-reset',
  'plugin_file' => 'C:\\xampp\\htdocs\\iftheshoefitz\\wp-content\\plugins\\wp-reset\\wp-reset.php',
  'js_folder' => 'http://localhost/iftheshoefitz/wp-content/plugins/wp-reset//js/',
  'api_ver' => 'v1/',
  'valid_forever' => '2035-01-01',
  'unlimited_installs' => 99999,
  'debug' => true,
  'filesystem_initialized' => false,
)

[Tue, 23 Sep 2025 08:09:04 +0000] wpr: __construct
array (
  'prefix' => 'wpr',
  'licensing_servers' => 
  array (
    0 => 'https://dashboard.wpreset.com/api/',
  ),
  'version' => '2.05',
  'plugin_file' => 'C:\\xampp\\htdocs\\iftheshoefitz\\wp-content\\plugins\\wp-reset\\wp-reset.php',
  'plugin_page' => 'tools_page_wp-reset',
  'skip_hooks' => false,
  'debug' => true,
  'js_folder' => 'http://localhost/iftheshoefitz/wp-content/plugins/wp-reset//js/',
)
array (
  'prefix' => 'wpr',
  'licensing_servers' => 
  array (
    0 => 'https://dashboard.wpreset.com/api/',
  ),
  'version' => '2.05',
  'slug' => 'wp-reset',
  'basename' => 'wp-reset/wp-reset.php',
  'plugin_page' => 'tools_page_wp-reset',
  'plugin_file' => 'C:\\xampp\\htdocs\\iftheshoefitz\\wp-content\\plugins\\wp-reset\\wp-reset.php',
  'js_folder' => 'http://localhost/iftheshoefitz/wp-content/plugins/wp-reset//js/',
  'api_ver' => 'v1/',
  'valid_forever' => '2035-01-01',
  'unlimited_installs' => 99999,
  'debug' => true,
  'filesystem_initialized' => false,
)

[Tue, 23 Sep 2025 08:09:06 +0000] wpr: __construct
array (
  'prefix' => 'wpr',
  'licensing_servers' => 
  array (
    0 => 'https://dashboard.wpreset.com/api/',
  ),
  'version' => '2.05',
  'plugin_file' => 'C:\\xampp\\htdocs\\iftheshoefitz\\wp-content\\plugins\\wp-reset\\wp-reset.php',
  'plugin_page' => 'tools_page_wp-reset',
  'skip_hooks' => false,
  'debug' => true,
  'js_folder' => 'http://localhost/iftheshoefitz/wp-content/plugins/wp-reset//js/',
)
array (
  'prefix' => 'wpr',
  'licensing_servers' => 
  array (
    0 => 'https://dashboard.wpreset.com/api/',
  ),
  'version' => '2.05',
  'slug' => 'wp-reset',
  'basename' => 'wp-reset/wp-reset.php',
  'plugin_page' => 'tools_page_wp-reset',
  'plugin_file' => 'C:\\xampp\\htdocs\\iftheshoefitz\\wp-content\\plugins\\wp-reset\\wp-reset.php',
  'js_folder' => 'http://localhost/iftheshoefitz/wp-content/plugins/wp-reset//js/',
  'api_ver' => 'v1/',
  'valid_forever' => '2035-01-01',
  'unlimited_installs' => 99999,
  'debug' => true,
  'filesystem_initialized' => false,
)

[Tue, 23 Sep 2025 08:10:08 +0000] wpr: __construct
array (
  'prefix' => 'wpr',
  'licensing_servers' => 
  array (
    0 => 'https://dashboard.wpreset.com/api/',
  ),
  'version' => '2.05',
  'plugin_file' => 'C:\\xampp\\htdocs\\iftheshoefitz\\wp-content\\plugins\\wp-reset\\wp-reset.php',
  'plugin_page' => 'tools_page_wp-reset',
  'skip_hooks' => false,
  'debug' => true,
  'js_folder' => 'http://localhost/iftheshoefitz/wp-content/plugins/wp-reset//js/',
)
array (
  'prefix' => 'wpr',
  'licensing_servers' => 
  array (
    0 => 'https://dashboard.wpreset.com/api/',
  ),
  'version' => '2.05',
  'slug' => 'wp-reset',
  'basename' => 'wp-reset/wp-reset.php',
  'plugin_page' => 'tools_page_wp-reset',
  'plugin_file' => 'C:\\xampp\\htdocs\\iftheshoefitz\\wp-content\\plugins\\wp-reset\\wp-reset.php',
  'js_folder' => 'http://localhost/iftheshoefitz/wp-content/plugins/wp-reset//js/',
  'api_ver' => 'v1/',
  'valid_forever' => '2035-01-01',
  'unlimited_installs' => 99999,
  'debug' => true,
  'filesystem_initialized' => false,
)

[Tue, 23 Sep 2025 08:10:32 +0000] wpr: __construct
array (
  'prefix' => 'wpr',
  'licensing_servers' => 
  array (
    0 => 'https://dashboard.wpreset.com/api/',
  ),
  'version' => '2.05',
  'plugin_file' => 'C:\\xampp\\htdocs\\iftheshoefitz\\wp-content\\plugins\\wp-reset\\wp-reset.php',
  'plugin_page' => 'tools_page_wp-reset',
  'skip_hooks' => false,
  'debug' => true,
  'js_folder' => 'http://localhost/iftheshoefitz/wp-content/plugins/wp-reset//js/',
)
array (
  'prefix' => 'wpr',
  'licensing_servers' => 
  array (
    0 => 'https://dashboard.wpreset.com/api/',
  ),
  'version' => '2.05',
  'slug' => 'wp-reset',
  'basename' => 'wp-reset/wp-reset.php',
  'plugin_page' => 'tools_page_wp-reset',
  'plugin_file' => 'C:\\xampp\\htdocs\\iftheshoefitz\\wp-content\\plugins\\wp-reset\\wp-reset.php',
  'js_folder' => 'http://localhost/iftheshoefitz/wp-content/plugins/wp-reset//js/',
  'api_ver' => 'v1/',
  'valid_forever' => '2035-01-01',
  'unlimited_installs' => 99999,
  'debug' => true,
  'filesystem_initialized' => false,
)

[Tue, 23 Sep 2025 08:12:09 +0000] wpr: __construct
array (
  'prefix' => 'wpr',
  'licensing_servers' => 
  array (
    0 => 'https://dashboard.wpreset.com/api/',
  ),
  'version' => '2.05',
  'plugin_file' => 'C:\\xampp\\htdocs\\iftheshoefitz\\wp-content\\plugins\\wp-reset\\wp-reset.php',
  'plugin_page' => 'tools_page_wp-reset',
  'skip_hooks' => false,
  'debug' => true,
  'js_folder' => 'http://localhost/iftheshoefitz/wp-content/plugins/wp-reset//js/',
)
array (
  'prefix' => 'wpr',
  'licensing_servers' => 
  array (
    0 => 'https://dashboard.wpreset.com/api/',
  ),
  'version' => '2.05',
  'slug' => 'wp-reset',
  'basename' => 'wp-reset/wp-reset.php',
  'plugin_page' => 'tools_page_wp-reset',
  'plugin_file' => 'C:\\xampp\\htdocs\\iftheshoefitz\\wp-content\\plugins\\wp-reset\\wp-reset.php',
  'js_folder' => 'http://localhost/iftheshoefitz/wp-content/plugins/wp-reset//js/',
  'api_ver' => 'v1/',
  'valid_forever' => '2035-01-01',
  'unlimited_installs' => 99999,
  'debug' => true,
  'filesystem_initialized' => false,
)

[Tue, 23 Sep 2025 08:12:13 +0000] wpr: __construct
array (
  'prefix' => 'wpr',
  'licensing_servers' => 
  array (
    0 => 'https://dashboard.wpreset.com/api/',
  ),
  'version' => '2.05',
  'plugin_file' => 'C:\\xampp\\htdocs\\iftheshoefitz\\wp-content\\plugins\\wp-reset\\wp-reset.php',
  'plugin_page' => 'tools_page_wp-reset',
  'skip_hooks' => false,
  'debug' => true,
  'js_folder' => 'http://localhost/iftheshoefitz/wp-content/plugins/wp-reset//js/',
)
array (
  'prefix' => 'wpr',
  'licensing_servers' => 
  array (
    0 => 'https://dashboard.wpreset.com/api/',
  ),
  'version' => '2.05',
  'slug' => 'wp-reset',
  'basename' => 'wp-reset/wp-reset.php',
  'plugin_page' => 'tools_page_wp-reset',
  'plugin_file' => 'C:\\xampp\\htdocs\\iftheshoefitz\\wp-content\\plugins\\wp-reset\\wp-reset.php',
  'js_folder' => 'http://localhost/iftheshoefitz/wp-content/plugins/wp-reset//js/',
  'api_ver' => 'v1/',
  'valid_forever' => '2035-01-01',
  'unlimited_installs' => 99999,
  'debug' => true,
  'filesystem_initialized' => false,
)

[Tue, 23 Sep 2025 08:14:10 +0000] wpr: __construct
array (
  'prefix' => 'wpr',
  'licensing_servers' => 
  array (
    0 => 'https://dashboard.wpreset.com/api/',
  ),
  'version' => '2.05',
  'plugin_file' => 'C:\\xampp\\htdocs\\iftheshoefitz\\wp-content\\plugins\\wp-reset\\wp-reset.php',
  'plugin_page' => 'tools_page_wp-reset',
  'skip_hooks' => false,
  'debug' => true,
  'js_folder' => 'http://localhost/iftheshoefitz/wp-content/plugins/wp-reset//js/',
)
array (
  'prefix' => 'wpr',
  'licensing_servers' => 
  array (
    0 => 'https://dashboard.wpreset.com/api/',
  ),
  'version' => '2.05',
  'slug' => 'wp-reset',
  'basename' => 'wp-reset/wp-reset.php',
  'plugin_page' => 'tools_page_wp-reset',
  'plugin_file' => 'C:\\xampp\\htdocs\\iftheshoefitz\\wp-content\\plugins\\wp-reset\\wp-reset.php',
  'js_folder' => 'http://localhost/iftheshoefitz/wp-content/plugins/wp-reset//js/',
  'api_ver' => 'v1/',
  'valid_forever' => '2035-01-01',
  'unlimited_installs' => 99999,
  'debug' => true,
  'filesystem_initialized' => false,
)

[Tue, 23 Sep 2025 08:14:13 +0000] wpr: __construct
array (
  'prefix' => 'wpr',
  'licensing_servers' => 
  array (
    0 => 'https://dashboard.wpreset.com/api/',
  ),
  'version' => '2.05',
  'plugin_file' => 'C:\\xampp\\htdocs\\iftheshoefitz\\wp-content\\plugins\\wp-reset\\wp-reset.php',
  'plugin_page' => 'tools_page_wp-reset',
  'skip_hooks' => false,
  'debug' => true,
  'js_folder' => 'http://localhost/iftheshoefitz/wp-content/plugins/wp-reset//js/',
)
array (
  'prefix' => 'wpr',
  'licensing_servers' => 
  array (
    0 => 'https://dashboard.wpreset.com/api/',
  ),
  'version' => '2.05',
  'slug' => 'wp-reset',
  'basename' => 'wp-reset/wp-reset.php',
  'plugin_page' => 'tools_page_wp-reset',
  'plugin_file' => 'C:\\xampp\\htdocs\\iftheshoefitz\\wp-content\\plugins\\wp-reset\\wp-reset.php',
  'js_folder' => 'http://localhost/iftheshoefitz/wp-content/plugins/wp-reset//js/',
  'api_ver' => 'v1/',
  'valid_forever' => '2035-01-01',
  'unlimited_installs' => 99999,
  'debug' => true,
  'filesystem_initialized' => false,
)

[Tue, 23 Sep 2025 08:16:11 +0000] wpr: __construct
array (
  'prefix' => 'wpr',
  'licensing_servers' => 
  array (
    0 => 'https://dashboard.wpreset.com/api/',
  ),
  'version' => '2.05',
  'plugin_file' => 'C:\\xampp\\htdocs\\iftheshoefitz\\wp-content\\plugins\\wp-reset\\wp-reset.php',
  'plugin_page' => 'tools_page_wp-reset',
  'skip_hooks' => false,
  'debug' => true,
  'js_folder' => 'http://localhost/iftheshoefitz/wp-content/plugins/wp-reset//js/',
)
array (
  'prefix' => 'wpr',
  'licensing_servers' => 
  array (
    0 => 'https://dashboard.wpreset.com/api/',
  ),
  'version' => '2.05',
  'slug' => 'wp-reset',
  'basename' => 'wp-reset/wp-reset.php',
  'plugin_page' => 'tools_page_wp-reset',
  'plugin_file' => 'C:\\xampp\\htdocs\\iftheshoefitz\\wp-content\\plugins\\wp-reset\\wp-reset.php',
  'js_folder' => 'http://localhost/iftheshoefitz/wp-content/plugins/wp-reset//js/',
  'api_ver' => 'v1/',
  'valid_forever' => '2035-01-01',
  'unlimited_installs' => 99999,
  'debug' => true,
  'filesystem_initialized' => false,
)

[Tue, 23 Sep 2025 08:16:15 +0000] wpr: __construct
array (
  'prefix' => 'wpr',
  'licensing_servers' => 
  array (
    0 => 'https://dashboard.wpreset.com/api/',
  ),
  'version' => '2.05',
  'plugin_file' => 'C:\\xampp\\htdocs\\iftheshoefitz\\wp-content\\plugins\\wp-reset\\wp-reset.php',
  'plugin_page' => 'tools_page_wp-reset',
  'skip_hooks' => false,
  'debug' => true,
  'js_folder' => 'http://localhost/iftheshoefitz/wp-content/plugins/wp-reset//js/',
)
array (
  'prefix' => 'wpr',
  'licensing_servers' => 
  array (
    0 => 'https://dashboard.wpreset.com/api/',
  ),
  'version' => '2.05',
  'slug' => 'wp-reset',
  'basename' => 'wp-reset/wp-reset.php',
  'plugin_page' => 'tools_page_wp-reset',
  'plugin_file' => 'C:\\xampp\\htdocs\\iftheshoefitz\\wp-content\\plugins\\wp-reset\\wp-reset.php',
  'js_folder' => 'http://localhost/iftheshoefitz/wp-content/plugins/wp-reset//js/',
  'api_ver' => 'v1/',
  'valid_forever' => '2035-01-01',
  'unlimited_installs' => 99999,
  'debug' => true,
  'filesystem_initialized' => false,
)

[Tue, 23 Sep 2025 08:20:07 +0000] wpr: __construct
array (
  'prefix' => 'wpr',
  'licensing_servers' => 
  array (
    0 => 'https://dashboard.wpreset.com/api/',
  ),
  'version' => '2.05',
  'plugin_file' => 'C:\\xampp\\htdocs\\iftheshoefitz\\wp-content\\plugins\\wp-reset\\wp-reset.php',
  'plugin_page' => 'tools_page_wp-reset',
  'skip_hooks' => false,
  'debug' => true,
  'js_folder' => 'http://localhost/iftheshoefitz/wp-content/plugins/wp-reset//js/',
)
array (
  'prefix' => 'wpr',
  'licensing_servers' => 
  array (
    0 => 'https://dashboard.wpreset.com/api/',
  ),
  'version' => '2.05',
  'slug' => 'wp-reset',
  'basename' => 'wp-reset/wp-reset.php',
  'plugin_page' => 'tools_page_wp-reset',
  'plugin_file' => 'C:\\xampp\\htdocs\\iftheshoefitz\\wp-content\\plugins\\wp-reset\\wp-reset.php',
  'js_folder' => 'http://localhost/iftheshoefitz/wp-content/plugins/wp-reset//js/',
  'api_ver' => 'v1/',
  'valid_forever' => '2035-01-01',
  'unlimited_installs' => 99999,
  'debug' => true,
  'filesystem_initialized' => false,
)

[Tue, 23 Sep 2025 08:20:24 +0000] wpr: __construct
array (
  'prefix' => 'wpr',
  'licensing_servers' => 
  array (
    0 => 'https://dashboard.wpreset.com/api/',
  ),
  'version' => '2.05',
  'plugin_file' => 'C:\\xampp\\htdocs\\iftheshoefitz\\wp-content\\plugins\\wp-reset\\wp-reset.php',
  'plugin_page' => 'tools_page_wp-reset',
  'skip_hooks' => false,
  'debug' => true,
  'js_folder' => 'http://localhost/iftheshoefitz/wp-content/plugins/wp-reset//js/',
)
array (
  'prefix' => 'wpr',
  'licensing_servers' => 
  array (
    0 => 'https://dashboard.wpreset.com/api/',
  ),
  'version' => '2.05',
  'slug' => 'wp-reset',
  'basename' => 'wp-reset/wp-reset.php',
  'plugin_page' => 'tools_page_wp-reset',
  'plugin_file' => 'C:\\xampp\\htdocs\\iftheshoefitz\\wp-content\\plugins\\wp-reset\\wp-reset.php',
  'js_folder' => 'http://localhost/iftheshoefitz/wp-content/plugins/wp-reset//js/',
  'api_ver' => 'v1/',
  'valid_forever' => '2035-01-01',
  'unlimited_installs' => 99999,
  'debug' => true,
  'filesystem_initialized' => false,
)

[Tue, 23 Sep 2025 08:21:31 +0000] wpr: __construct
array (
  'prefix' => 'wpr',
  'licensing_servers' => 
  array (
    0 => 'https://dashboard.wpreset.com/api/',
  ),
  'version' => '2.05',
  'plugin_file' => 'C:\\xampp\\htdocs\\iftheshoefitz\\wp-content\\plugins\\wp-reset\\wp-reset.php',
  'plugin_page' => 'tools_page_wp-reset',
  'skip_hooks' => false,
  'debug' => true,
  'js_folder' => 'http://localhost/iftheshoefitz/wp-content/plugins/wp-reset//js/',
)
array (
  'prefix' => 'wpr',
  'licensing_servers' => 
  array (
    0 => 'https://dashboard.wpreset.com/api/',
  ),
  'version' => '2.05',
  'slug' => 'wp-reset',
  'basename' => 'wp-reset/wp-reset.php',
  'plugin_page' => 'tools_page_wp-reset',
  'plugin_file' => 'C:\\xampp\\htdocs\\iftheshoefitz\\wp-content\\plugins\\wp-reset\\wp-reset.php',
  'js_folder' => 'http://localhost/iftheshoefitz/wp-content/plugins/wp-reset//js/',
  'api_ver' => 'v1/',
  'valid_forever' => '2035-01-01',
  'unlimited_installs' => 99999,
  'debug' => true,
  'filesystem_initialized' => false,
)

[Tue, 23 Sep 2025 08:22:35 +0000] wpr: __construct
array (
  'prefix' => 'wpr',
  'licensing_servers' => 
  array (
    0 => 'https://dashboard.wpreset.com/api/',
  ),
  'version' => '2.05',
  'plugin_file' => 'C:\\xampp\\htdocs\\iftheshoefitz\\wp-content\\plugins\\wp-reset\\wp-reset.php',
  'plugin_page' => 'tools_page_wp-reset',
  'skip_hooks' => false,
  'debug' => true,
  'js_folder' => 'http://localhost/iftheshoefitz/wp-content/plugins/wp-reset//js/',
)
array (
  'prefix' => 'wpr',
  'licensing_servers' => 
  array (
    0 => 'https://dashboard.wpreset.com/api/',
  ),
  'version' => '2.05',
  'slug' => 'wp-reset',
  'basename' => 'wp-reset/wp-reset.php',
  'plugin_page' => 'tools_page_wp-reset',
  'plugin_file' => 'C:\\xampp\\htdocs\\iftheshoefitz\\wp-content\\plugins\\wp-reset\\wp-reset.php',
  'js_folder' => 'http://localhost/iftheshoefitz/wp-content/plugins/wp-reset//js/',
  'api_ver' => 'v1/',
  'valid_forever' => '2035-01-01',
  'unlimited_installs' => 99999,
  'debug' => true,
  'filesystem_initialized' => false,
)

[Tue, 23 Sep 2025 08:22:38 +0000] wpr: __construct
array (
  'prefix' => 'wpr',
  'licensing_servers' => 
  array (
    0 => 'https://dashboard.wpreset.com/api/',
  ),
  'version' => '2.05',
  'plugin_file' => 'C:\\xampp\\htdocs\\iftheshoefitz\\wp-content\\plugins\\wp-reset\\wp-reset.php',
  'plugin_page' => 'tools_page_wp-reset',
  'skip_hooks' => false,
  'debug' => true,
  'js_folder' => 'http://localhost/iftheshoefitz/wp-content/plugins/wp-reset//js/',
)
array (
  'prefix' => 'wpr',
  'licensing_servers' => 
  array (
    0 => 'https://dashboard.wpreset.com/api/',
  ),
  'version' => '2.05',
  'slug' => 'wp-reset',
  'basename' => 'wp-reset/wp-reset.php',
  'plugin_page' => 'tools_page_wp-reset',
  'plugin_file' => 'C:\\xampp\\htdocs\\iftheshoefitz\\wp-content\\plugins\\wp-reset\\wp-reset.php',
  'js_folder' => 'http://localhost/iftheshoefitz/wp-content/plugins/wp-reset//js/',
  'api_ver' => 'v1/',
  'valid_forever' => '2035-01-01',
  'unlimited_installs' => 99999,
  'debug' => true,
  'filesystem_initialized' => false,
)

[Tue, 23 Sep 2025 08:22:41 +0000] wpr: __construct
array (
  'prefix' => 'wpr',
  'licensing_servers' => 
  array (
    0 => 'https://dashboard.wpreset.com/api/',
  ),
  'version' => '2.05',
  'plugin_file' => 'C:\\xampp\\htdocs\\iftheshoefitz\\wp-content\\plugins\\wp-reset\\wp-reset.php',
  'plugin_page' => 'tools_page_wp-reset',
  'skip_hooks' => false,
  'debug' => true,
  'js_folder' => 'http://localhost/iftheshoefitz/wp-content/plugins/wp-reset//js/',
)
array (
  'prefix' => 'wpr',
  'licensing_servers' => 
  array (
    0 => 'https://dashboard.wpreset.com/api/',
  ),
  'version' => '2.05',
  'slug' => 'wp-reset',
  'basename' => 'wp-reset/wp-reset.php',
  'plugin_page' => 'tools_page_wp-reset',
  'plugin_file' => 'C:\\xampp\\htdocs\\iftheshoefitz\\wp-content\\plugins\\wp-reset\\wp-reset.php',
  'js_folder' => 'http://localhost/iftheshoefitz/wp-content/plugins/wp-reset//js/',
  'api_ver' => 'v1/',
  'valid_forever' => '2035-01-01',
  'unlimited_installs' => 99999,
  'debug' => true,
  'filesystem_initialized' => false,
)

[Tue, 23 Sep 2025 08:23:35 +0000] wpr: __construct
array (
  'prefix' => 'wpr',
  'licensing_servers' => 
  array (
    0 => 'https://dashboard.wpreset.com/api/',
  ),
  'version' => '2.05',
  'plugin_file' => 'C:\\xampp\\htdocs\\iftheshoefitz\\wp-content\\plugins\\wp-reset\\wp-reset.php',
  'plugin_page' => 'tools_page_wp-reset',
  'skip_hooks' => false,
  'debug' => true,
  'js_folder' => 'http://localhost/iftheshoefitz/wp-content/plugins/wp-reset//js/',
)
array (
  'prefix' => 'wpr',
  'licensing_servers' => 
  array (
    0 => 'https://dashboard.wpreset.com/api/',
  ),
  'version' => '2.05',
  'slug' => 'wp-reset',
  'basename' => 'wp-reset/wp-reset.php',
  'plugin_page' => 'tools_page_wp-reset',
  'plugin_file' => 'C:\\xampp\\htdocs\\iftheshoefitz\\wp-content\\plugins\\wp-reset\\wp-reset.php',
  'js_folder' => 'http://localhost/iftheshoefitz/wp-content/plugins/wp-reset//js/',
  'api_ver' => 'v1/',
  'valid_forever' => '2035-01-01',
  'unlimited_installs' => 99999,
  'debug' => true,
  'filesystem_initialized' => false,
)

[Tue, 23 Sep 2025 08:25:36 +0000] wpr: __construct
array (
  'prefix' => 'wpr',
  'licensing_servers' => 
  array (
    0 => 'https://dashboard.wpreset.com/api/',
  ),
  'version' => '2.05',
  'plugin_file' => 'C:\\xampp\\htdocs\\iftheshoefitz\\wp-content\\plugins\\wp-reset\\wp-reset.php',
  'plugin_page' => 'tools_page_wp-reset',
  'skip_hooks' => false,
  'debug' => true,
  'js_folder' => 'http://localhost/iftheshoefitz/wp-content/plugins/wp-reset//js/',
)
array (
  'prefix' => 'wpr',
  'licensing_servers' => 
  array (
    0 => 'https://dashboard.wpreset.com/api/',
  ),
  'version' => '2.05',
  'slug' => 'wp-reset',
  'basename' => 'wp-reset/wp-reset.php',
  'plugin_page' => 'tools_page_wp-reset',
  'plugin_file' => 'C:\\xampp\\htdocs\\iftheshoefitz\\wp-content\\plugins\\wp-reset\\wp-reset.php',
  'js_folder' => 'http://localhost/iftheshoefitz/wp-content/plugins/wp-reset//js/',
  'api_ver' => 'v1/',
  'valid_forever' => '2035-01-01',
  'unlimited_installs' => 99999,
  'debug' => true,
  'filesystem_initialized' => false,
)

[Tue, 23 Sep 2025 08:25:36 +0000] wpr: __construct
array (
  'prefix' => 'wpr',
  'licensing_servers' => 
  array (
    0 => 'https://dashboard.wpreset.com/api/',
  ),
  'version' => '2.05',
  'plugin_file' => 'C:\\xampp\\htdocs\\iftheshoefitz\\wp-content\\plugins\\wp-reset\\wp-reset.php',
  'plugin_page' => 'tools_page_wp-reset',
  'skip_hooks' => false,
  'debug' => true,
  'js_folder' => 'http://localhost/iftheshoefitz/wp-content/plugins/wp-reset//js/',
)
array (
  'prefix' => 'wpr',
  'licensing_servers' => 
  array (
    0 => 'https://dashboard.wpreset.com/api/',
  ),
  'version' => '2.05',
  'slug' => 'wp-reset',
  'basename' => 'wp-reset/wp-reset.php',
  'plugin_page' => 'tools_page_wp-reset',
  'plugin_file' => 'C:\\xampp\\htdocs\\iftheshoefitz\\wp-content\\plugins\\wp-reset\\wp-reset.php',
  'js_folder' => 'http://localhost/iftheshoefitz/wp-content/plugins/wp-reset//js/',
  'api_ver' => 'v1/',
  'valid_forever' => '2035-01-01',
  'unlimited_installs' => 99999,
  'debug' => true,
  'filesystem_initialized' => false,
)

[Tue, 23 Sep 2025 08:25:48 +0000] wpr: __construct
array (
  'prefix' => 'wpr',
  'licensing_servers' => 
  array (
    0 => 'https://dashboard.wpreset.com/api/',
  ),
  'version' => '2.05',
  'plugin_file' => 'C:\\xampp\\htdocs\\iftheshoefitz\\wp-content\\plugins\\wp-reset\\wp-reset.php',
  'plugin_page' => 'tools_page_wp-reset',
  'skip_hooks' => false,
  'debug' => true,
  'js_folder' => 'http://localhost/iftheshoefitz/wp-content/plugins/wp-reset//js/',
)
array (
  'prefix' => 'wpr',
  'licensing_servers' => 
  array (
    0 => 'https://dashboard.wpreset.com/api/',
  ),
  'version' => '2.05',
  'slug' => 'wp-reset',
  'basename' => 'wp-reset/wp-reset.php',
  'plugin_page' => 'tools_page_wp-reset',
  'plugin_file' => 'C:\\xampp\\htdocs\\iftheshoefitz\\wp-content\\plugins\\wp-reset\\wp-reset.php',
  'js_folder' => 'http://localhost/iftheshoefitz/wp-content/plugins/wp-reset//js/',
  'api_ver' => 'v1/',
  'valid_forever' => '2035-01-01',
  'unlimited_installs' => 99999,
  'debug' => true,
  'filesystem_initialized' => false,
)

[Tue, 23 Sep 2025 08:27:37 +0000] wpr: __construct
array (
  'prefix' => 'wpr',
  'licensing_servers' => 
  array (
    0 => 'https://dashboard.wpreset.com/api/',
  ),
  'version' => '2.05',
  'plugin_file' => 'C:\\xampp\\htdocs\\iftheshoefitz\\wp-content\\plugins\\wp-reset\\wp-reset.php',
  'plugin_page' => 'tools_page_wp-reset',
  'skip_hooks' => false,
  'debug' => true,
  'js_folder' => 'http://localhost/iftheshoefitz/wp-content/plugins/wp-reset//js/',
)
array (
  'prefix' => 'wpr',
  'licensing_servers' => 
  array (
    0 => 'https://dashboard.wpreset.com/api/',
  ),
  'version' => '2.05',
  'slug' => 'wp-reset',
  'basename' => 'wp-reset/wp-reset.php',
  'plugin_page' => 'tools_page_wp-reset',
  'plugin_file' => 'C:\\xampp\\htdocs\\iftheshoefitz\\wp-content\\plugins\\wp-reset\\wp-reset.php',
  'js_folder' => 'http://localhost/iftheshoefitz/wp-content/plugins/wp-reset//js/',
  'api_ver' => 'v1/',
  'valid_forever' => '2035-01-01',
  'unlimited_installs' => 99999,
  'debug' => true,
  'filesystem_initialized' => false,
)

[Tue, 23 Sep 2025 08:27:40 +0000] wpr: __construct
array (
  'prefix' => 'wpr',
  'licensing_servers' => 
  array (
    0 => 'https://dashboard.wpreset.com/api/',
  ),
  'version' => '2.05',
  'plugin_file' => 'C:\\xampp\\htdocs\\iftheshoefitz\\wp-content\\plugins\\wp-reset\\wp-reset.php',
  'plugin_page' => 'tools_page_wp-reset',
  'skip_hooks' => false,
  'debug' => true,
  'js_folder' => 'http://localhost/iftheshoefitz/wp-content/plugins/wp-reset//js/',
)
array (
  'prefix' => 'wpr',
  'licensing_servers' => 
  array (
    0 => 'https://dashboard.wpreset.com/api/',
  ),
  'version' => '2.05',
  'slug' => 'wp-reset',
  'basename' => 'wp-reset/wp-reset.php',
  'plugin_page' => 'tools_page_wp-reset',
  'plugin_file' => 'C:\\xampp\\htdocs\\iftheshoefitz\\wp-content\\plugins\\wp-reset\\wp-reset.php',
  'js_folder' => 'http://localhost/iftheshoefitz/wp-content/plugins/wp-reset//js/',
  'api_ver' => 'v1/',
  'valid_forever' => '2035-01-01',
  'unlimited_installs' => 99999,
  'debug' => true,
  'filesystem_initialized' => false,
)

[Tue, 23 Sep 2025 08:27:54 +0000] wpr: __construct
array (
  'prefix' => 'wpr',
  'licensing_servers' => 
  array (
    0 => 'https://dashboard.wpreset.com/api/',
  ),
  'version' => '2.05',
  'plugin_file' => 'C:\\xampp\\htdocs\\iftheshoefitz\\wp-content\\plugins\\wp-reset\\wp-reset.php',
  'plugin_page' => 'tools_page_wp-reset',
  'skip_hooks' => false,
  'debug' => true,
  'js_folder' => 'http://localhost/iftheshoefitz/wp-content/plugins/wp-reset//js/',
)
array (
  'prefix' => 'wpr',
  'licensing_servers' => 
  array (
    0 => 'https://dashboard.wpreset.com/api/',
  ),
  'version' => '2.05',
  'slug' => 'wp-reset',
  'basename' => 'wp-reset/wp-reset.php',
  'plugin_page' => 'tools_page_wp-reset',
  'plugin_file' => 'C:\\xampp\\htdocs\\iftheshoefitz\\wp-content\\plugins\\wp-reset\\wp-reset.php',
  'js_folder' => 'http://localhost/iftheshoefitz/wp-content/plugins/wp-reset//js/',
  'api_ver' => 'v1/',
  'valid_forever' => '2035-01-01',
  'unlimited_installs' => 99999,
  'debug' => true,
  'filesystem_initialized' => false,
)

[Tue, 23 Sep 2025 08:28:08 +0000] wpr: __construct
array (
  'prefix' => 'wpr',
  'licensing_servers' => 
  array (
    0 => 'https://dashboard.wpreset.com/api/',
  ),
  'version' => '2.05',
  'plugin_file' => 'C:\\xampp\\htdocs\\iftheshoefitz\\wp-content\\plugins\\wp-reset\\wp-reset.php',
  'plugin_page' => 'tools_page_wp-reset',
  'skip_hooks' => false,
  'debug' => true,
  'js_folder' => 'http://localhost/iftheshoefitz/wp-content/plugins/wp-reset//js/',
)
array (
  'prefix' => 'wpr',
  'licensing_servers' => 
  array (
    0 => 'https://dashboard.wpreset.com/api/',
  ),
  'version' => '2.05',
  'slug' => 'wp-reset',
  'basename' => 'wp-reset/wp-reset.php',
  'plugin_page' => 'tools_page_wp-reset',
  'plugin_file' => 'C:\\xampp\\htdocs\\iftheshoefitz\\wp-content\\plugins\\wp-reset\\wp-reset.php',
  'js_folder' => 'http://localhost/iftheshoefitz/wp-content/plugins/wp-reset//js/',
  'api_ver' => 'v1/',
  'valid_forever' => '2035-01-01',
  'unlimited_installs' => 99999,
  'debug' => true,
  'filesystem_initialized' => false,
)

[Tue, 23 Sep 2025 08:28:38 +0000] wpr: __construct
array (
  'prefix' => 'wpr',
  'licensing_servers' => 
  array (
    0 => 'https://dashboard.wpreset.com/api/',
  ),
  'version' => '2.05',
  'plugin_file' => 'C:\\xampp\\htdocs\\iftheshoefitz\\wp-content\\plugins\\wp-reset\\wp-reset.php',
  'plugin_page' => 'tools_page_wp-reset',
  'skip_hooks' => false,
  'debug' => true,
  'js_folder' => 'http://localhost/iftheshoefitz/wp-content/plugins/wp-reset//js/',
)
array (
  'prefix' => 'wpr',
  'licensing_servers' => 
  array (
    0 => 'https://dashboard.wpreset.com/api/',
  ),
  'version' => '2.05',
  'slug' => 'wp-reset',
  'basename' => 'wp-reset/wp-reset.php',
  'plugin_page' => 'tools_page_wp-reset',
  'plugin_file' => 'C:\\xampp\\htdocs\\iftheshoefitz\\wp-content\\plugins\\wp-reset\\wp-reset.php',
  'js_folder' => 'http://localhost/iftheshoefitz/wp-content/plugins/wp-reset//js/',
  'api_ver' => 'v1/',
  'valid_forever' => '2035-01-01',
  'unlimited_installs' => 99999,
  'debug' => true,
  'filesystem_initialized' => false,
)

[Tue, 23 Sep 2025 08:30:39 +0000] wpr: __construct
array (
  'prefix' => 'wpr',
  'licensing_servers' => 
  array (
    0 => 'https://dashboard.wpreset.com/api/',
  ),
  'version' => '2.05',
  'plugin_file' => 'C:\\xampp\\htdocs\\iftheshoefitz\\wp-content\\plugins\\wp-reset\\wp-reset.php',
  'plugin_page' => 'tools_page_wp-reset',
  'skip_hooks' => false,
  'debug' => true,
  'js_folder' => 'http://localhost/iftheshoefitz/wp-content/plugins/wp-reset//js/',
)
array (
  'prefix' => 'wpr',
  'licensing_servers' => 
  array (
    0 => 'https://dashboard.wpreset.com/api/',
  ),
  'version' => '2.05',
  'slug' => 'wp-reset',
  'basename' => 'wp-reset/wp-reset.php',
  'plugin_page' => 'tools_page_wp-reset',
  'plugin_file' => 'C:\\xampp\\htdocs\\iftheshoefitz\\wp-content\\plugins\\wp-reset\\wp-reset.php',
  'js_folder' => 'http://localhost/iftheshoefitz/wp-content/plugins/wp-reset//js/',
  'api_ver' => 'v1/',
  'valid_forever' => '2035-01-01',
  'unlimited_installs' => 99999,
  'debug' => true,
  'filesystem_initialized' => false,
)

[Tue, 23 Sep 2025 08:30:43 +0000] wpr: __construct
array (
  'prefix' => 'wpr',
  'licensing_servers' => 
  array (
    0 => 'https://dashboard.wpreset.com/api/',
  ),
  'version' => '2.05',
  'plugin_file' => 'C:\\xampp\\htdocs\\iftheshoefitz\\wp-content\\plugins\\wp-reset\\wp-reset.php',
  'plugin_page' => 'tools_page_wp-reset',
  'skip_hooks' => false,
  'debug' => true,
  'js_folder' => 'http://localhost/iftheshoefitz/wp-content/plugins/wp-reset//js/',
)
array (
  'prefix' => 'wpr',
  'licensing_servers' => 
  array (
    0 => 'https://dashboard.wpreset.com/api/',
  ),
  'version' => '2.05',
  'slug' => 'wp-reset',
  'basename' => 'wp-reset/wp-reset.php',
  'plugin_page' => 'tools_page_wp-reset',
  'plugin_file' => 'C:\\xampp\\htdocs\\iftheshoefitz\\wp-content\\plugins\\wp-reset\\wp-reset.php',
  'js_folder' => 'http://localhost/iftheshoefitz/wp-content/plugins/wp-reset//js/',
  'api_ver' => 'v1/',
  'valid_forever' => '2035-01-01',
  'unlimited_installs' => 99999,
  'debug' => true,
  'filesystem_initialized' => false,
)

[Tue, 23 Sep 2025 08:31:41 +0000] wpr: __construct
array (
  'prefix' => 'wpr',
  'licensing_servers' => 
  array (
    0 => 'https://dashboard.wpreset.com/api/',
  ),
  'version' => '2.05',
  'plugin_file' => 'C:\\xampp\\htdocs\\iftheshoefitz\\wp-content\\plugins\\wp-reset\\wp-reset.php',
  'plugin_page' => 'tools_page_wp-reset',
  'skip_hooks' => false,
  'debug' => true,
  'js_folder' => 'http://localhost/iftheshoefitz/wp-content/plugins/wp-reset//js/',
)
array (
  'prefix' => 'wpr',
  'licensing_servers' => 
  array (
    0 => 'https://dashboard.wpreset.com/api/',
  ),
  'version' => '2.05',
  'slug' => 'wp-reset',
  'basename' => 'wp-reset/wp-reset.php',
  'plugin_page' => 'tools_page_wp-reset',
  'plugin_file' => 'C:\\xampp\\htdocs\\iftheshoefitz\\wp-content\\plugins\\wp-reset\\wp-reset.php',
  'js_folder' => 'http://localhost/iftheshoefitz/wp-content/plugins/wp-reset//js/',
  'api_ver' => 'v1/',
  'valid_forever' => '2035-01-01',
  'unlimited_installs' => 99999,
  'debug' => true,
  'filesystem_initialized' => false,
)

[Tue, 23 Sep 2025 08:32:36 +0000] wpr: __construct
array (
  'prefix' => 'wpr',
  'licensing_servers' => 
  array (
    0 => 'https://dashboard.wpreset.com/api/',
  ),
  'version' => '2.05',
  'plugin_file' => 'C:\\xampp\\htdocs\\iftheshoefitz\\wp-content\\plugins\\wp-reset\\wp-reset.php',
  'plugin_page' => 'tools_page_wp-reset',
  'skip_hooks' => false,
  'debug' => true,
  'js_folder' => 'http://localhost/iftheshoefitz/wp-content/plugins/wp-reset//js/',
)
array (
  'prefix' => 'wpr',
  'licensing_servers' => 
  array (
    0 => 'https://dashboard.wpreset.com/api/',
  ),
  'version' => '2.05',
  'slug' => 'wp-reset',
  'basename' => 'wp-reset/wp-reset.php',
  'plugin_page' => 'tools_page_wp-reset',
  'plugin_file' => 'C:\\xampp\\htdocs\\iftheshoefitz\\wp-content\\plugins\\wp-reset\\wp-reset.php',
  'js_folder' => 'http://localhost/iftheshoefitz/wp-content/plugins/wp-reset//js/',
  'api_ver' => 'v1/',
  'valid_forever' => '2035-01-01',
  'unlimited_installs' => 99999,
  'debug' => true,
  'filesystem_initialized' => false,
)

[Tue, 23 Sep 2025 08:32:41 +0000] wpr: __construct
array (
  'prefix' => 'wpr',
  'licensing_servers' => 
  array (
    0 => 'https://dashboard.wpreset.com/api/',
  ),
  'version' => '2.05',
  'plugin_file' => 'C:\\xampp\\htdocs\\iftheshoefitz\\wp-content\\plugins\\wp-reset\\wp-reset.php',
  'plugin_page' => 'tools_page_wp-reset',
  'skip_hooks' => false,
  'debug' => true,
  'js_folder' => 'http://localhost/iftheshoefitz/wp-content/plugins/wp-reset//js/',
)
array (
  'prefix' => 'wpr',
  'licensing_servers' => 
  array (
    0 => 'https://dashboard.wpreset.com/api/',
  ),
  'version' => '2.05',
  'slug' => 'wp-reset',
  'basename' => 'wp-reset/wp-reset.php',
  'plugin_page' => 'tools_page_wp-reset',
  'plugin_file' => 'C:\\xampp\\htdocs\\iftheshoefitz\\wp-content\\plugins\\wp-reset\\wp-reset.php',
  'js_folder' => 'http://localhost/iftheshoefitz/wp-content/plugins/wp-reset//js/',
  'api_ver' => 'v1/',
  'valid_forever' => '2035-01-01',
  'unlimited_installs' => 99999,
  'debug' => true,
  'filesystem_initialized' => false,
)

[Tue, 23 Sep 2025 08:33:42 +0000] wpr: __construct
array (
  'prefix' => 'wpr',
  'licensing_servers' => 
  array (
    0 => 'https://dashboard.wpreset.com/api/',
  ),
  'version' => '2.05',
  'plugin_file' => 'C:\\xampp\\htdocs\\iftheshoefitz\\wp-content\\plugins\\wp-reset\\wp-reset.php',
  'plugin_page' => 'tools_page_wp-reset',
  'skip_hooks' => false,
  'debug' => true,
  'js_folder' => 'http://localhost/iftheshoefitz/wp-content/plugins/wp-reset//js/',
)
array (
  'prefix' => 'wpr',
  'licensing_servers' => 
  array (
    0 => 'https://dashboard.wpreset.com/api/',
  ),
  'version' => '2.05',
  'slug' => 'wp-reset',
  'basename' => 'wp-reset/wp-reset.php',
  'plugin_page' => 'tools_page_wp-reset',
  'plugin_file' => 'C:\\xampp\\htdocs\\iftheshoefitz\\wp-content\\plugins\\wp-reset\\wp-reset.php',
  'js_folder' => 'http://localhost/iftheshoefitz/wp-content/plugins/wp-reset//js/',
  'api_ver' => 'v1/',
  'valid_forever' => '2035-01-01',
  'unlimited_installs' => 99999,
  'debug' => true,
  'filesystem_initialized' => false,
)

[Tue, 23 Sep 2025 08:33:45 +0000] wpr: __construct
array (
  'prefix' => 'wpr',
  'licensing_servers' => 
  array (
    0 => 'https://dashboard.wpreset.com/api/',
  ),
  'version' => '2.05',
  'plugin_file' => 'C:\\xampp\\htdocs\\iftheshoefitz\\wp-content\\plugins\\wp-reset\\wp-reset.php',
  'plugin_page' => 'tools_page_wp-reset',
  'skip_hooks' => false,
  'debug' => true,
  'js_folder' => 'http://localhost/iftheshoefitz/wp-content/plugins/wp-reset//js/',
)
array (
  'prefix' => 'wpr',
  'licensing_servers' => 
  array (
    0 => 'https://dashboard.wpreset.com/api/',
  ),
  'version' => '2.05',
  'slug' => 'wp-reset',
  'basename' => 'wp-reset/wp-reset.php',
  'plugin_page' => 'tools_page_wp-reset',
  'plugin_file' => 'C:\\xampp\\htdocs\\iftheshoefitz\\wp-content\\plugins\\wp-reset\\wp-reset.php',
  'js_folder' => 'http://localhost/iftheshoefitz/wp-content/plugins/wp-reset//js/',
  'api_ver' => 'v1/',
  'valid_forever' => '2035-01-01',
  'unlimited_installs' => 99999,
  'debug' => true,
  'filesystem_initialized' => false,
)

[Tue, 23 Sep 2025 08:35:43 +0000] wpr: __construct
array (
  'prefix' => 'wpr',
  'licensing_servers' => 
  array (
    0 => 'https://dashboard.wpreset.com/api/',
  ),
  'version' => '2.05',
  'plugin_file' => 'C:\\xampp\\htdocs\\iftheshoefitz\\wp-content\\plugins\\wp-reset\\wp-reset.php',
  'plugin_page' => 'tools_page_wp-reset',
  'skip_hooks' => false,
  'debug' => true,
  'js_folder' => 'http://localhost/iftheshoefitz/wp-content/plugins/wp-reset//js/',
)
array (
  'prefix' => 'wpr',
  'licensing_servers' => 
  array (
    0 => 'https://dashboard.wpreset.com/api/',
  ),
  'version' => '2.05',
  'slug' => 'wp-reset',
  'basename' => 'wp-reset/wp-reset.php',
  'plugin_page' => 'tools_page_wp-reset',
  'plugin_file' => 'C:\\xampp\\htdocs\\iftheshoefitz\\wp-content\\plugins\\wp-reset\\wp-reset.php',
  'js_folder' => 'http://localhost/iftheshoefitz/wp-content/plugins/wp-reset//js/',
  'api_ver' => 'v1/',
  'valid_forever' => '2035-01-01',
  'unlimited_installs' => 99999,
  'debug' => true,
  'filesystem_initialized' => false,
)

[Tue, 23 Sep 2025 08:35:46 +0000] wpr: __construct
array (
  'prefix' => 'wpr',
  'licensing_servers' => 
  array (
    0 => 'https://dashboard.wpreset.com/api/',
  ),
  'version' => '2.05',
  'plugin_file' => 'C:\\xampp\\htdocs\\iftheshoefitz\\wp-content\\plugins\\wp-reset\\wp-reset.php',
  'plugin_page' => 'tools_page_wp-reset',
  'skip_hooks' => false,
  'debug' => true,
  'js_folder' => 'http://localhost/iftheshoefitz/wp-content/plugins/wp-reset//js/',
)
array (
  'prefix' => 'wpr',
  'licensing_servers' => 
  array (
    0 => 'https://dashboard.wpreset.com/api/',
  ),
  'version' => '2.05',
  'slug' => 'wp-reset',
  'basename' => 'wp-reset/wp-reset.php',
  'plugin_page' => 'tools_page_wp-reset',
  'plugin_file' => 'C:\\xampp\\htdocs\\iftheshoefitz\\wp-content\\plugins\\wp-reset\\wp-reset.php',
  'js_folder' => 'http://localhost/iftheshoefitz/wp-content/plugins/wp-reset//js/',
  'api_ver' => 'v1/',
  'valid_forever' => '2035-01-01',
  'unlimited_installs' => 99999,
  'debug' => true,
  'filesystem_initialized' => false,
)

[Tue, 23 Sep 2025 08:37:44 +0000] wpr: __construct
array (
  'prefix' => 'wpr',
  'licensing_servers' => 
  array (
    0 => 'https://dashboard.wpreset.com/api/',
  ),
  'version' => '2.05',
  'plugin_file' => 'C:\\xampp\\htdocs\\iftheshoefitz\\wp-content\\plugins\\wp-reset\\wp-reset.php',
  'plugin_page' => 'tools_page_wp-reset',
  'skip_hooks' => false,
  'debug' => true,
  'js_folder' => 'http://localhost/iftheshoefitz/wp-content/plugins/wp-reset//js/',
)
array (
  'prefix' => 'wpr',
  'licensing_servers' => 
  array (
    0 => 'https://dashboard.wpreset.com/api/',
  ),
  'version' => '2.05',
  'slug' => 'wp-reset',
  'basename' => 'wp-reset/wp-reset.php',
  'plugin_page' => 'tools_page_wp-reset',
  'plugin_file' => 'C:\\xampp\\htdocs\\iftheshoefitz\\wp-content\\plugins\\wp-reset\\wp-reset.php',
  'js_folder' => 'http://localhost/iftheshoefitz/wp-content/plugins/wp-reset//js/',
  'api_ver' => 'v1/',
  'valid_forever' => '2035-01-01',
  'unlimited_installs' => 99999,
  'debug' => true,
  'filesystem_initialized' => false,
)

[Tue, 23 Sep 2025 08:37:47 +0000] wpr: __construct
array (
  'prefix' => 'wpr',
  'licensing_servers' => 
  array (
    0 => 'https://dashboard.wpreset.com/api/',
  ),
  'version' => '2.05',
  'plugin_file' => 'C:\\xampp\\htdocs\\iftheshoefitz\\wp-content\\plugins\\wp-reset\\wp-reset.php',
  'plugin_page' => 'tools_page_wp-reset',
  'skip_hooks' => false,
  'debug' => true,
  'js_folder' => 'http://localhost/iftheshoefitz/wp-content/plugins/wp-reset//js/',
)
array (
  'prefix' => 'wpr',
  'licensing_servers' => 
  array (
    0 => 'https://dashboard.wpreset.com/api/',
  ),
  'version' => '2.05',
  'slug' => 'wp-reset',
  'basename' => 'wp-reset/wp-reset.php',
  'plugin_page' => 'tools_page_wp-reset',
  'plugin_file' => 'C:\\xampp\\htdocs\\iftheshoefitz\\wp-content\\plugins\\wp-reset\\wp-reset.php',
  'js_folder' => 'http://localhost/iftheshoefitz/wp-content/plugins/wp-reset//js/',
  'api_ver' => 'v1/',
  'valid_forever' => '2035-01-01',
  'unlimited_installs' => 99999,
  'debug' => true,
  'filesystem_initialized' => false,
)

[Tue, 23 Sep 2025 08:39:40 +0000] wpr: __construct
array (
  'prefix' => 'wpr',
  'licensing_servers' => 
  array (
    0 => 'https://dashboard.wpreset.com/api/',
  ),
  'version' => '2.05',
  'plugin_file' => 'C:\\xampp\\htdocs\\iftheshoefitz\\wp-content\\plugins\\wp-reset\\wp-reset.php',
  'plugin_page' => 'tools_page_wp-reset',
  'skip_hooks' => false,
  'debug' => true,
  'js_folder' => 'http://localhost/iftheshoefitz/wp-content/plugins/wp-reset//js/',
)
array (
  'prefix' => 'wpr',
  'licensing_servers' => 
  array (
    0 => 'https://dashboard.wpreset.com/api/',
  ),
  'version' => '2.05',
  'slug' => 'wp-reset',
  'basename' => 'wp-reset/wp-reset.php',
  'plugin_page' => 'tools_page_wp-reset',
  'plugin_file' => 'C:\\xampp\\htdocs\\iftheshoefitz\\wp-content\\plugins\\wp-reset\\wp-reset.php',
  'js_folder' => 'http://localhost/iftheshoefitz/wp-content/plugins/wp-reset//js/',
  'api_ver' => 'v1/',
  'valid_forever' => '2035-01-01',
  'unlimited_installs' => 99999,
  'debug' => true,
  'filesystem_initialized' => false,
)

[Tue, 23 Sep 2025 08:39:45 +0000] wpr: __construct
array (
  'prefix' => 'wpr',
  'licensing_servers' => 
  array (
    0 => 'https://dashboard.wpreset.com/api/',
  ),
  'version' => '2.05',
  'plugin_file' => 'C:\\xampp\\htdocs\\iftheshoefitz\\wp-content\\plugins\\wp-reset\\wp-reset.php',
  'plugin_page' => 'tools_page_wp-reset',
  'skip_hooks' => false,
  'debug' => true,
  'js_folder' => 'http://localhost/iftheshoefitz/wp-content/plugins/wp-reset//js/',
)
array (
  'prefix' => 'wpr',
  'licensing_servers' => 
  array (
    0 => 'https://dashboard.wpreset.com/api/',
  ),
  'version' => '2.05',
  'slug' => 'wp-reset',
  'basename' => 'wp-reset/wp-reset.php',
  'plugin_page' => 'tools_page_wp-reset',
  'plugin_file' => 'C:\\xampp\\htdocs\\iftheshoefitz\\wp-content\\plugins\\wp-reset\\wp-reset.php',
  'js_folder' => 'http://localhost/iftheshoefitz/wp-content/plugins/wp-reset//js/',
  'api_ver' => 'v1/',
  'valid_forever' => '2035-01-01',
  'unlimited_installs' => 99999,
  'debug' => true,
  'filesystem_initialized' => false,
)

[Tue, 23 Sep 2025 08:42:42 +0000] wpr: __construct
array (
  'prefix' => 'wpr',
  'licensing_servers' => 
  array (
    0 => 'https://dashboard.wpreset.com/api/',
  ),
  'version' => '2.05',
  'plugin_file' => 'C:\\xampp\\htdocs\\iftheshoefitz\\wp-content\\plugins\\wp-reset\\wp-reset.php',
  'plugin_page' => 'tools_page_wp-reset',
  'skip_hooks' => false,
  'debug' => true,
  'js_folder' => 'http://localhost/iftheshoefitz/wp-content/plugins/wp-reset//js/',
)
array (
  'prefix' => 'wpr',
  'licensing_servers' => 
  array (
    0 => 'https://dashboard.wpreset.com/api/',
  ),
  'version' => '2.05',
  'slug' => 'wp-reset',
  'basename' => 'wp-reset/wp-reset.php',
  'plugin_page' => 'tools_page_wp-reset',
  'plugin_file' => 'C:\\xampp\\htdocs\\iftheshoefitz\\wp-content\\plugins\\wp-reset\\wp-reset.php',
  'js_folder' => 'http://localhost/iftheshoefitz/wp-content/plugins/wp-reset//js/',
  'api_ver' => 'v1/',
  'valid_forever' => '2035-01-01',
  'unlimited_installs' => 99999,
  'debug' => true,
  'filesystem_initialized' => false,
)

[Tue, 23 Sep 2025 08:43:40 +0000] wpr: __construct
array (
  'prefix' => 'wpr',
  'licensing_servers' => 
  array (
    0 => 'https://dashboard.wpreset.com/api/',
  ),
  'version' => '2.05',
  'plugin_file' => 'C:\\xampp\\htdocs\\iftheshoefitz\\wp-content\\plugins\\wp-reset\\wp-reset.php',
  'plugin_page' => 'tools_page_wp-reset',
  'skip_hooks' => false,
  'debug' => true,
  'js_folder' => 'http://localhost/iftheshoefitz/wp-content/plugins/wp-reset//js/',
)
array (
  'prefix' => 'wpr',
  'licensing_servers' => 
  array (
    0 => 'https://dashboard.wpreset.com/api/',
  ),
  'version' => '2.05',
  'slug' => 'wp-reset',
  'basename' => 'wp-reset/wp-reset.php',
  'plugin_page' => 'tools_page_wp-reset',
  'plugin_file' => 'C:\\xampp\\htdocs\\iftheshoefitz\\wp-content\\plugins\\wp-reset\\wp-reset.php',
  'js_folder' => 'http://localhost/iftheshoefitz/wp-content/plugins/wp-reset//js/',
  'api_ver' => 'v1/',
  'valid_forever' => '2035-01-01',
  'unlimited_installs' => 99999,
  'debug' => true,
  'filesystem_initialized' => false,
)

[Tue, 23 Sep 2025 08:44:19 +0000] wpr: __construct
array (
  'prefix' => 'wpr',
  'licensing_servers' => 
  array (
    0 => 'https://dashboard.wpreset.com/api/',
  ),
  'version' => '2.05',
  'plugin_file' => 'C:\\xampp\\htdocs\\iftheshoefitz\\wp-content\\plugins\\wp-reset\\wp-reset.php',
  'plugin_page' => 'tools_page_wp-reset',
  'skip_hooks' => false,
  'debug' => true,
  'js_folder' => 'http://localhost/iftheshoefitz/wp-content/plugins/wp-reset//js/',
)
array (
  'prefix' => 'wpr',
  'licensing_servers' => 
  array (
    0 => 'https://dashboard.wpreset.com/api/',
  ),
  'version' => '2.05',
  'slug' => 'wp-reset',
  'basename' => 'wp-reset/wp-reset.php',
  'plugin_page' => 'tools_page_wp-reset',
  'plugin_file' => 'C:\\xampp\\htdocs\\iftheshoefitz\\wp-content\\plugins\\wp-reset\\wp-reset.php',
  'js_folder' => 'http://localhost/iftheshoefitz/wp-content/plugins/wp-reset//js/',
  'api_ver' => 'v1/',
  'valid_forever' => '2035-01-01',
  'unlimited_installs' => 99999,
  'debug' => true,
  'filesystem_initialized' => false,
)

[Tue, 23 Sep 2025 08:45:41 +0000] wpr: __construct
array (
  'prefix' => 'wpr',
  'licensing_servers' => 
  array (
    0 => 'https://dashboard.wpreset.com/api/',
  ),
  'version' => '2.05',
  'plugin_file' => 'C:\\xampp\\htdocs\\iftheshoefitz\\wp-content\\plugins\\wp-reset\\wp-reset.php',
  'plugin_page' => 'tools_page_wp-reset',
  'skip_hooks' => false,
  'debug' => true,
  'js_folder' => 'http://localhost/iftheshoefitz/wp-content/plugins/wp-reset//js/',
)
array (
  'prefix' => 'wpr',
  'licensing_servers' => 
  array (
    0 => 'https://dashboard.wpreset.com/api/',
  ),
  'version' => '2.05',
  'slug' => 'wp-reset',
  'basename' => 'wp-reset/wp-reset.php',
  'plugin_page' => 'tools_page_wp-reset',
  'plugin_file' => 'C:\\xampp\\htdocs\\iftheshoefitz\\wp-content\\plugins\\wp-reset\\wp-reset.php',
  'js_folder' => 'http://localhost/iftheshoefitz/wp-content/plugins/wp-reset//js/',
  'api_ver' => 'v1/',
  'valid_forever' => '2035-01-01',
  'unlimited_installs' => 99999,
  'debug' => true,
  'filesystem_initialized' => false,
)

[Tue, 23 Sep 2025 08:47:42 +0000] wpr: __construct
array (
  'prefix' => 'wpr',
  'licensing_servers' => 
  array (
    0 => 'https://dashboard.wpreset.com/api/',
  ),
  'version' => '2.05',
  'plugin_file' => 'C:\\xampp\\htdocs\\iftheshoefitz\\wp-content\\plugins\\wp-reset\\wp-reset.php',
  'plugin_page' => 'tools_page_wp-reset',
  'skip_hooks' => false,
  'debug' => true,
  'js_folder' => 'http://localhost/iftheshoefitz/wp-content/plugins/wp-reset//js/',
)
array (
  'prefix' => 'wpr',
  'licensing_servers' => 
  array (
    0 => 'https://dashboard.wpreset.com/api/',
  ),
  'version' => '2.05',
  'slug' => 'wp-reset',
  'basename' => 'wp-reset/wp-reset.php',
  'plugin_page' => 'tools_page_wp-reset',
  'plugin_file' => 'C:\\xampp\\htdocs\\iftheshoefitz\\wp-content\\plugins\\wp-reset\\wp-reset.php',
  'js_folder' => 'http://localhost/iftheshoefitz/wp-content/plugins/wp-reset//js/',
  'api_ver' => 'v1/',
  'valid_forever' => '2035-01-01',
  'unlimited_installs' => 99999,
  'debug' => true,
  'filesystem_initialized' => false,
)

[Tue, 23 Sep 2025 08:47:46 +0000] wpr: __construct
array (
  'prefix' => 'wpr',
  'licensing_servers' => 
  array (
    0 => 'https://dashboard.wpreset.com/api/',
  ),
  'version' => '2.05',
  'plugin_file' => 'C:\\xampp\\htdocs\\iftheshoefitz\\wp-content\\plugins\\wp-reset\\wp-reset.php',
  'plugin_page' => 'tools_page_wp-reset',
  'skip_hooks' => false,
  'debug' => true,
  'js_folder' => 'http://localhost/iftheshoefitz/wp-content/plugins/wp-reset//js/',
)
array (
  'prefix' => 'wpr',
  'licensing_servers' => 
  array (
    0 => 'https://dashboard.wpreset.com/api/',
  ),
  'version' => '2.05',
  'slug' => 'wp-reset',
  'basename' => 'wp-reset/wp-reset.php',
  'plugin_page' => 'tools_page_wp-reset',
  'plugin_file' => 'C:\\xampp\\htdocs\\iftheshoefitz\\wp-content\\plugins\\wp-reset\\wp-reset.php',
  'js_folder' => 'http://localhost/iftheshoefitz/wp-content/plugins/wp-reset//js/',
  'api_ver' => 'v1/',
  'valid_forever' => '2035-01-01',
  'unlimited_installs' => 99999,
  'debug' => true,
  'filesystem_initialized' => false,
)

[Tue, 23 Sep 2025 08:49:43 +0000] wpr: __construct
array (
  'prefix' => 'wpr',
  'licensing_servers' => 
  array (
    0 => 'https://dashboard.wpreset.com/api/',
  ),
  'version' => '2.05',
  'plugin_file' => 'C:\\xampp\\htdocs\\iftheshoefitz\\wp-content\\plugins\\wp-reset\\wp-reset.php',
  'plugin_page' => 'tools_page_wp-reset',
  'skip_hooks' => false,
  'debug' => true,
  'js_folder' => 'http://localhost/iftheshoefitz/wp-content/plugins/wp-reset//js/',
)
array (
  'prefix' => 'wpr',
  'licensing_servers' => 
  array (
    0 => 'https://dashboard.wpreset.com/api/',
  ),
  'version' => '2.05',
  'slug' => 'wp-reset',
  'basename' => 'wp-reset/wp-reset.php',
  'plugin_page' => 'tools_page_wp-reset',
  'plugin_file' => 'C:\\xampp\\htdocs\\iftheshoefitz\\wp-content\\plugins\\wp-reset\\wp-reset.php',
  'js_folder' => 'http://localhost/iftheshoefitz/wp-content/plugins/wp-reset//js/',
  'api_ver' => 'v1/',
  'valid_forever' => '2035-01-01',
  'unlimited_installs' => 99999,
  'debug' => true,
  'filesystem_initialized' => false,
)

[Tue, 23 Sep 2025 08:49:47 +0000] wpr: __construct
array (
  'prefix' => 'wpr',
  'licensing_servers' => 
  array (
    0 => 'https://dashboard.wpreset.com/api/',
  ),
  'version' => '2.05',
  'plugin_file' => 'C:\\xampp\\htdocs\\iftheshoefitz\\wp-content\\plugins\\wp-reset\\wp-reset.php',
  'plugin_page' => 'tools_page_wp-reset',
  'skip_hooks' => false,
  'debug' => true,
  'js_folder' => 'http://localhost/iftheshoefitz/wp-content/plugins/wp-reset//js/',
)
array (
  'prefix' => 'wpr',
  'licensing_servers' => 
  array (
    0 => 'https://dashboard.wpreset.com/api/',
  ),
  'version' => '2.05',
  'slug' => 'wp-reset',
  'basename' => 'wp-reset/wp-reset.php',
  'plugin_page' => 'tools_page_wp-reset',
  'plugin_file' => 'C:\\xampp\\htdocs\\iftheshoefitz\\wp-content\\plugins\\wp-reset\\wp-reset.php',
  'js_folder' => 'http://localhost/iftheshoefitz/wp-content/plugins/wp-reset//js/',
  'api_ver' => 'v1/',
  'valid_forever' => '2035-01-01',
  'unlimited_installs' => 99999,
  'debug' => true,
  'filesystem_initialized' => false,
)

